{"version":359,"hash":{"type":"Buffer","data":"dgurSsDUAx/rCvoNTiLpsB8Gitry5uwANBHhix4UKSFlO5T1SJHku5VJ2BcrxbPF7sPmzzzsKTDFdldSeIvcNuQmgrXcn/iMjPuqZ7STeeFBUhpujxQyPiqxxEVTbmNyk/6q4Pf58yDs2kYbsFomV6bCdq1AVfHG9MzZSyVZSYA="},"indexValueMap":{"AGJ9b/ZQWJ2b9JFxPDAdY4kUPrHLS2WZ99I4SgAEMVQ=":{"valueMac":{"type":"Buffer","data":"zOhFnC+pqugNhcJGEHcNcZGvsSF1qaE+n3ZTQqLN8CQ="}},"A1CLDtF1BlfqO1PUH/hKhT9u9Yazbhy0f9KWjABaZA4=":{"valueMac":{"type":"Buffer","data":"VywMk6LoAz+kUEkU161RreC1yj5WAiR7dwWwgddJcDo="}},"BRsaMr9V6q05hywryDWlNJqdTi9xVlt8rtTY+G+pwmk=":{"valueMac":{"type":"Buffer","data":"NOXNoDl/n8LRafAFYZJNWtaGdYRp/16BOkoGp7P4Gbk="}},"BS9xd0JQ0MMpXM4T/z4tjjO/UzzfpZsApx0ePW7Z6iU=":{"valueMac":{"type":"Buffer","data":"t6ZheznHM8AiPxLoLwuKnCvFll+QcBNKuDKN/Mn/3RI="}},"Bjt+8a3WcoWypiG0Tgk5NLo63ksKRGH2NNXQsNCRjV8=":{"valueMac":{"type":"Buffer","data":"86/59U96ttkxVLNe1s8r4RldRGI7rPtI9vlZydn1i+w="}},"BmphGVyQth3DiWQx4uEPMesse+16hQhhV3r2O/lAjdM=":{"valueMac":{"type":"Buffer","data":"jwRnDM8LJamz0kpidtw9WnQ7QWChx4NJpHnSXKppe58="}},"CLpdCUmDekbS+OLSN6aBarqgGTaWIa7kp0Y/+Uraq/o=":{"valueMac":{"type":"Buffer","data":"G9tg/47xdn2PrxOwYo4InHv9yPEDpZYloh9zg7E5WuE="}},"CZSPbROayt3n2scGjfofb1uWZ43SL3Y+wugwx0TeWHs=":{"valueMac":{"type":"Buffer","data":"1RwJz9mNhFKtQCrReO1r4oE4OMkhg2Q/IlKgqlkDn9Y="}},"DEtxnnbKCjSdfVXs4wQhqLGfIBJ+oSyxOh6MqCaPusA=":{"valueMac":{"type":"Buffer","data":"5s5u6k/xQkzzbsvIgn2iy8qXAWvlsExUGwvcfaA3VL8="}},"DmW7CoVC432yR5MZYTuadOK5mtybcIUo0CLYpaVZjhs=":{"valueMac":{"type":"Buffer","data":"Qb0JriUVcUyeZ4lwxG5sPh7Ai5jSdDTzKTsXnoGuqd0="}},"EC42a5pR7lbezqOX6H6+eMPdkXriMQPHmo7Ckrd1LOU=":{"valueMac":{"type":"Buffer","data":"hI+hnb1Xw20vNhE+RepN9pvPCXfvR7z+5++9OlxEvME="}},"EtkWxoI+xXnBK2YDtYUF3HJbkwYFsEqBIigFDg+XLD4=":{"valueMac":{"type":"Buffer","data":"XXN7vmLGub4noHe6JAMF5RfzT1uzaEKbmL7M85L+lcA="}},"E4KHYm9TgePC9x/ORzTn69RRf57QCJwh5z4RWDx1v70=":{"valueMac":{"type":"Buffer","data":"yKXfV4vUjlBlv64lHLgQnU42JzsR1RAy8WVh5ZgG3qo="}},"Fa8vNA7L9thLrDCa1I0kAfs5TDpVswUxbi3KUY6G7lQ=":{"valueMac":{"type":"Buffer","data":"MDyKdcFeIK7+ZQHou8+j4KwhLOausVlAZ8k/xMlwQbw="}},"FfqKqq9eViDzeCfJTM2HZggAxEdfwK5t2ej+1aFi9LE=":{"valueMac":{"type":"Buffer","data":"YoET5rYZdaeSwDFQD8IvutHqKONGaai17KSN5ofaRzw="}},"FjB10VPGzDC7s5ZP3pb0kHi+JwPYzSzD/SytPtke/hI=":{"valueMac":{"type":"Buffer","data":"C5lGVSdSAmImwgX0Qj6N1GUTYcMyqbV35z1H8EyEevI="}},"G0wx/QbuN5fTUxImNwRIi9HiT2dioa8MvWe+q8Cl8Io=":{"valueMac":{"type":"Buffer","data":"nkNiw8XIMt/hbus1xdGKQXarvwDs/xb7K9RytPS3oJg="}},"G5qfimijRwffhrKPEPSMLzLeMKeRL1lLfVTLthWTXE8=":{"valueMac":{"type":"Buffer","data":"/WCFpT/FgCdSUImEh1GUL61RMydQpB+DsdlVd/++SZI="}},"G+z9ei7dsq+bd9S8zaya1rdKnEc9i//5f9fA1UrkdxM=":{"valueMac":{"type":"Buffer","data":"jgfVf02khORm7GxVny686nkGWby9gF20eWvDa+lQguM="}},"HDRNRlGnivumvzakw2krBsDmQV946P5clrDP/BbxYE0=":{"valueMac":{"type":"Buffer","data":"FfbrV8cDKfhAZT4AiCy46vAcNYwo/YYmIOQOWMMMejQ="}},"Hsf4n4zmysA806HRNyR0YkIWN8e5VbPYjbC2jOa6tuA=":{"valueMac":{"type":"Buffer","data":"yU4fklIXyRXKRx/omReJy88EuidUaXUDoc/OzLIJywg="}},"IKUnUJGSe8RU1iRtHc6n8xQPgqewjdI8s6HW5YmdIWE=":{"valueMac":{"type":"Buffer","data":"UuIjL4R+p0ONMZxhQuHLX42nJCpwUeae0ND0LX1xu40="}},"IW5x3N0AzbRVcQkMMSoEEQ/M5ltFP9DqLYC3Y/a3i1Y=":{"valueMac":{"type":"Buffer","data":"VVdXsiFHRs1cZ13lUrjTyO/HVNbWMLqWan0JkiwU//k="}},"IYqs8pt5O1TPQcfaizkTpRTwcb5AwFywWY12MIN/AVo=":{"valueMac":{"type":"Buffer","data":"ORp5RKaPTcEJ2AxxLnoaBWdOLOW/638bp5Xq/LJUhnw="}},"IZA23PC7luCwLhEYfuuk4dBtn9Yxd7VGIhAcYxS/euU=":{"valueMac":{"type":"Buffer","data":"Jr5uXZSq7yU7fGoo3L9GtHkoykrvgmilfzzGcsj8oPk="}},"IfucJKyxjFWiNBTrpTzv56i+HEnUnJhLwcBpxa9nLA0=":{"valueMac":{"type":"Buffer","data":"kxFaS0KnioG+mLcLxbWbzrRkFkB5zvV+TFzdK25tYQo="}},"I67x/QLLovMyNPleKFmr7aok7u3rCqBsq6Cb4389kWI=":{"valueMac":{"type":"Buffer","data":"VSx9KPe3v6ocnTrl1hSHPSlkTRNVePYBpf/jIYrx+10="}},"Jnh5T++fhd6GVKmN3Hy0PcDZvHzhE95GayymNXnTe10=":{"valueMac":{"type":"Buffer","data":"OU75YgGpOZEQLBgMO7hdACzHZBbF6bO2eZmvnsphRL4="}},"KLNA6EVSKKEbbTVONf3npo/hVLkDaEUIO9rOONO0esQ=":{"valueMac":{"type":"Buffer","data":"G9qgOgPDFOLRyPgT//36pSFkLf2qqJRSAYXyEisVLz4="}},"KYxFXuU1InKhOL2umIPf0X3d2kr8RQLz2SPRKiiYc5s=":{"valueMac":{"type":"Buffer","data":"dIPIBIH3vflzGFpSLF15xs5A238CfxI4g3zcxpegl8U="}},"Kd+M1KrUxTuuS5OkFU7SHijhV8qlJYN4lx7U1LHEZiI=":{"valueMac":{"type":"Buffer","data":"MwTHAyIVcjJ4/BWSgXSd9jMMF3bky+827Q92koFBGxU="}},"KyV9KFqIGCm1QNz+rNmVOhZtlTnyIk/rXVHgIv4J5tU=":{"valueMac":{"type":"Buffer","data":"s2zMigIjBjiRAklzfU//vcnhQf8RopnjQPR0sYQpgYg="}},"K2ISz9wF2i5D1NSNojDMC50ytBwsLOIsjky3kM2+Gmc=":{"valueMac":{"type":"Buffer","data":"cP3Kd3QmVbLosbt0wL9cFlQTGu7cb3JJohc7IIazZ18="}},"LDYDnqttDMQIHS1vOhtJj3Wqm7B3FHPwf+AdG3nwJWM=":{"valueMac":{"type":"Buffer","data":"JvLXVRmGwoeFUoij0sUi54ytLvHvtOCJNKbXLeHB71U="}},"LNvqBha/b6NveImk3J0YDBTv029HHWb5P97hJnE9D+w=":{"valueMac":{"type":"Buffer","data":"VDtyDVGCuKQE/XilKc/+nW4/aEiAKv/YN2yIlw8YSmY="}},"LXUqMs5pq6XTzRzpbVZVebwRpBG5rYB91Ek3RFXpYAQ=":{"valueMac":{"type":"Buffer","data":"df33zhZ89MIXxK1GOl+8gyafQvGmctuCBkzqJuvc71o="}},"LX0FdFs6R//MfdEvur6ANb7snmMU95uNQvm0MQE//A4=":{"valueMac":{"type":"Buffer","data":"bX3fysIL37DKSKefUhIBhlUGqu39qtuhlAqRyGRxSgY="}},"Lo55ifRd8hptpuhdy8YWUYX8vsJVaEpDfBJstTwWruc=":{"valueMac":{"type":"Buffer","data":"tpwT64Mil2IqCrY7e5B6bP70MQh6LtDFgJIbST8iF6g="}},"MiYyPyFIENEhOr5Oa3WtL9xPN9dy0nk09oWmu714QBA=":{"valueMac":{"type":"Buffer","data":"PKCD3LbTBES/lTwf4kGCRtl7WVCKELY9p5f+5lmhUsg="}},"NuKmRUKZv/fkK8zzGnBXQp62mzfE96setguFXktBMdk=":{"valueMac":{"type":"Buffer","data":"mR2FlKZCIvyyrIZ2zAcx3DnpoNbethVY/Ue9ZVs3ddM="}},"OGhMZ1TjWu1N0uIOgmdyhGg0KLhe1k6BlBT7+Rc4HUU=":{"valueMac":{"type":"Buffer","data":"LAkogzQCo9fBxObImyosz7kQoTXSL3vqNoZ8mC2mh1s="}},"OotNneMhlgjfz1BtZfOWQoK8cYDhWYHfYfHgDCTPbes=":{"valueMac":{"type":"Buffer","data":"zKy+RS4XTEgO8x29waW+Y9CPOaXPdB3v4v1796CRnx8="}},"PIBGHAwKX2PBkurYrJqyMjkfJgLV/3bEh6cx3JNZ/Wg=":{"valueMac":{"type":"Buffer","data":"0ci2f4UjIRTvwknvVVDsNIQDLnH1OEHaUrwgEloDAaw="}},"PI1FX9YN4ztq+/JbHtcVazF1VG9i59TFpLYG2JNCdeQ=":{"valueMac":{"type":"Buffer","data":"oMs7kJlJttRNfLSowMXyWueHo/jekh/3TjOHxPaVvtM="}},"P5pOa+wfhxwdxM+blKpOT2kFucwS/w9FHLtIRtoAWWE=":{"valueMac":{"type":"Buffer","data":"aTo68nL2OZo8nhpNvefTmxPwgTkb5LNrMo+8JLhV9wM="}},"P8Xpse97Kf1nmUYmi/7Y6n46+0HL7C1/lREKmGL+GW0=":{"valueMac":{"type":"Buffer","data":"ae9lU7HNW4646XNvWEyOtJf2ZzcEeKqsLnWVvc1/KJ8="}},"Qgfsq23ZhL4pNjmx6BH8prv4QaHQ/Ml7rpBzB/CutpM=":{"valueMac":{"type":"Buffer","data":"sEplqgFm7DOxI/UzlkGDa2LPnIU0MZxQUqK02PQalLI="}},"RBmGGQDXfOWQDpJQ2Yd1xbwBbhlu/Q/YVtpLXaQvJjk=":{"valueMac":{"type":"Buffer","data":"o5BAQ9rEjb2T+2zApAUiHg+VGCgLGxB1TXrEO97PbOs="}},"RT6592yO9QiuGIe1Yjuke1RJLVLfrbC0cCGL0eHekV8=":{"valueMac":{"type":"Buffer","data":"crsdVJAl5NmcrXKzCswOII94q5Ailnq7yfb8grqX+ng="}},"RWIP9EvZXPLXJND/LFOoMBmq03tqqyOjwcVeUSoCrqQ=":{"valueMac":{"type":"Buffer","data":"NpWSx+JH+4Yw7ulVBkfQ/P0g2Ak/39hjorAy4eNjkaE="}},"Rnom0jmmquLnOSOVMfhp+du+aBieuhRx19y8lptXiPY=":{"valueMac":{"type":"Buffer","data":"GMIISLDXeJvES+05bkZyRVtvZSq9KuMxeN9hHN+zZIE="}},"RqVamklcTK6gRBbZziS76Wod7pMDOMfbsC8aplsJBLQ=":{"valueMac":{"type":"Buffer","data":"p+WtJan5SC79i6k5g401ClqEyWBdTPzoXDT7ipPJADE="}},"R4yjS7fNXLzSOaUGihjMak7YDGC0IQ9gyKt52GHdpME=":{"valueMac":{"type":"Buffer","data":"dd+W715z5fAGTME2Y1k/VrwOjrBlkciKOhan5s0wzsg="}},"Sd9y7o73HKu2SYzk3odEkmm/tkcD1IIVcwyeiXJgqs0=":{"valueMac":{"type":"Buffer","data":"FEwyCgG3DIOZ4eLEe76nfJKe3dPZs8CjnFgggtA4OfM="}},"SfpPbTHUkD4dYlrKzQVe5oHV96GlSGN6yDLNs2rtwGQ=":{"valueMac":{"type":"Buffer","data":"+/aIDnB2Y/y/hqV6TXtz1izIKPvCL+D5pRWCch8o9+U="}},"SfpgXGcdXTpnQxoLQvKP99v+W69kCUjznr76YB7AQMU=":{"valueMac":{"type":"Buffer","data":"Jgw5TFW9C0vq0dc6rlHoAZ4U2m2xiVp31UG2Xe0q1as="}},"SovTTViBGj023A9p33BTLDSvBHaJ5kWlTWBSeu7Fdm0=":{"valueMac":{"type":"Buffer","data":"1da3R6nyXeEuILiaK5LdrFG8/93qc+VJV5OJ30NiT4I="}},"SwxIL4L1kShmracbBUZJG5hdZ39nChfVgPvUVeqEBws=":{"valueMac":{"type":"Buffer","data":"VLKGNX/awAfZLaw+8OLNvZVPQupNCloF4juHQ7VlwiQ="}},"ThtkqqGRshFod017xt0ndpMTolooVCIq/yqg43M0SoI=":{"valueMac":{"type":"Buffer","data":"2LHufP6CHs4ivo6KNfI2uiCMr/95Bv/i5mhhjzHW24o="}},"TozjUG4GWGO02lKshLkwqvFExGMWMNtZHGa2oDlMzGs=":{"valueMac":{"type":"Buffer","data":"eDLrOyrm5D2U9nJmvWP/hDMim7b3hY+fDPLDSYR54T8="}},"TuK6MQJgA/bcoRuBvszht20i5WQgYhFpWQt0MB5NhLw=":{"valueMac":{"type":"Buffer","data":"lPBOquzts07Q63HuZaFbdP+Otcss5mqdz9LlFDkfmXE="}},"TzznmMo/65egIaXlwewBREstkOV+RDAA+PYuenljcLY=":{"valueMac":{"type":"Buffer","data":"hU1ezvtrrMK99RJfC273SDyJs3aY9gb5K74QVni4Kkg="}},"T5AQ88UbMK5ZlJdrOttGri4bGdetAjmpo4PzN0/SdR4=":{"valueMac":{"type":"Buffer","data":"OqgcUFkWQiTLahwQzOWZKdCx/EQdt84yt4Nfyl3jRgY="}},"VbTUqlgeCfrP9EchuIs4IJbPpPmHVjVVuRRZnsROO8U=":{"valueMac":{"type":"Buffer","data":"5FM/tCRgAQrFCP6Fv8y0aJLROOH5jD5lDLeY893DfJ8="}},"Vb7J5N8WFIkZ049jfFzRDZqXdsLF5ZcBF5NmdiyN3yI=":{"valueMac":{"type":"Buffer","data":"pOWca2hfRPJC9GNVIgaM3ALbxzxxyj0ChP151sIaMTo="}},"WdEd3JNFcBtc3NIn+bK2UAlbyws1w9hmoCMcF4kg2PE=":{"valueMac":{"type":"Buffer","data":"7QJYgy9mPdpxoHSEI9YxJPM0bKCS2qTB4qPpMGMrT4E="}},"WtdbDjk1nGHYX0bmK51OKQXiH+/m0zqROUr027KrZtA=":{"valueMac":{"type":"Buffer","data":"jCtMC2TocHRtSzXymA4sOPGiIhZIPPinepQCfygJYp8="}},"WwMU3t7oR1o4xkyVogXDxVtgWBqqXarXKH+y3Q2Ktwc=":{"valueMac":{"type":"Buffer","data":"9fOynqx8VbZqscESZDE6HTYmrlrmdJlGq+oClilcXM0="}},"Wy0uK7OV8e94eHwXWao1irQZDZraxRMpoFVp+9nuezY=":{"valueMac":{"type":"Buffer","data":"cK6U9nDeDBBBXvEz4Gk7YNomydojJnB8mqWWGMoQU9k="}},"W59ORr1HfI3hktjjoKRXaiwoh2nPfCf5i0q7i52AFeM=":{"valueMac":{"type":"Buffer","data":"j8FxJvPKsJpFjeere5b5rojEu0JI9ATvSDw7kP1RMCI="}},"XI4iT6Nys+iHyEBMue+rt88MCHsbBMb1Mi5ttWctcjQ=":{"valueMac":{"type":"Buffer","data":"aKOpiVXYsLxuHKwxR9DV4LOcnCtBwkWUVZhGYYU0kvk="}},"XT2Z6jClailAbWpV4Cx/dhRXG2Xs/2vDDUAwlfWnabE=":{"valueMac":{"type":"Buffer","data":"XzuTMuljIwjDq9FszfkROuGxfS3ESmxxcA+L4mugZCw="}},"XmBdykeeQK+DWnXCDyKzgJe4ctSoSPlz4j2WVFMUba8=":{"valueMac":{"type":"Buffer","data":"bdgzo7lWAZxXkqf+HaaIl0J0kNTOJGIXsxKdAaiTBFg="}},"X10fN5gemAAAX2hZrxJ3Uqeg0Knga6wpvv8953vmFpw=":{"valueMac":{"type":"Buffer","data":"e72EAb90QamKZZMRsil8whr92R6fx7oiN/AKhC4F40c="}},"ZIMrlWunwqOHQhe0lNNTqxaZmk4AAEl3qEHjMsOZodw=":{"valueMac":{"type":"Buffer","data":"J96KO/SdN+pDzGtJEG7KE/Qn6+e1QSwo5+i0JsAFPOc="}},"ZUme0x7Qls3yARGAg/SjFcDefxfDX9MOqo/3QoJv63Q=":{"valueMac":{"type":"Buffer","data":"Y4v0C/qiTnrC55xtg0lusPcDMQLBiogEsd/Lv5cVeH8="}},"ZkJJZySu1nvde2SyClwxwXCsuyhXKRv6wGjVIvXKnKM=":{"valueMac":{"type":"Buffer","data":"0QjC0LGXFGTNJTWolKdjKvtkZh4UEiSXAA4JZUQ4BNU="}},"aDjMNe5dwF62WeliCm//izLF0RYQ9vI6aqZPRNfOrTs=":{"valueMac":{"type":"Buffer","data":"DO17PNd8fx9PwmkLbZivgQbgkAYkDrRLRu9Ps8lt7d0="}},"aaKwKsKxI+0wGrF26EDgh+x+dQRt0Yg1rcTdvNHxhxY=":{"valueMac":{"type":"Buffer","data":"bJ+GKkZdgHSAwygqewRz+bYJnPR0SliNrUQzaYtRpAA="}},"aqkv+4a1Umi7rgs8fPHUO3IQx00IB+OfBuzfl7E2Zxc=":{"valueMac":{"type":"Buffer","data":"Rwm3co6V7rs3TrodW2tz4i+uRStZkGsDVm/J4AX0CSg="}},"a6M+X2fBM4rMWCkC29Dk3ATB8xUWtC5ord9rgYxqp0g=":{"valueMac":{"type":"Buffer","data":"brTtLH2kzZThYnomfPVb5LMBJKm9jwrZpHo9vRnAU6A="}},"bdMLYISy2B2TIkT8yCyjplArqb8Fay5vHbz0UOq4ock=":{"valueMac":{"type":"Buffer","data":"R6iTanwBY/fXTE21iZB0zR4O2g3bklugVTzhNQv9fqs="}},"bjrxsk6aiQFEwSaZsr5v7lRTT0/p5NqsjsrO6P1HbQ4=":{"valueMac":{"type":"Buffer","data":"osbgzR5foxUNtsRD0cdEtrGm/qXbyGOScG0SNDUDRaY="}},"bn+VYrYwzRun5tFMZREfbkoTyP2RRlvnVzaqnA1n1YM=":{"valueMac":{"type":"Buffer","data":"ua8se1QsS836ozC5HzxqeK9ZgFLbhOlc2M5AMavFVg8="}},"br5n6x8ZIJXFpVu3AVwGjXuBfODgxqKw6AqxOqZPVlM=":{"valueMac":{"type":"Buffer","data":"u5jr2R35rq0Y7/VeskkkB++BjG07fsUNqSyf+Ci/AgI="}},"cAbDAHHUtWjm1u9P6Hs1yDqyMilNovklIhSFcR1NP0w=":{"valueMac":{"type":"Buffer","data":"lB3uKBSbt0qb07twQAW9OCKwosgwSZRCZR8C5QqgKC0="}},"cRVk4WgsAFQW4ekfVNrMNdIJkbO+xYZd8VJY7vQ6KPw=":{"valueMac":{"type":"Buffer","data":"ySfMHkFGlDqcIqnTU3hHmDLOX8D9CIJmrx72fnLF9tg="}},"cSrpFlsk6PaJINHC79M9ZfKdY9OydCj/xKr/MXGg+ms=":{"valueMac":{"type":"Buffer","data":"isFtLWK+2iDkCHkFNsKlTgnD8d2TvlZLzlaKv/vBzAA="}},"c1jx3/ycgTVmIz6+GEIurDo/Egcga6lfBpOse+PNhuw=":{"valueMac":{"type":"Buffer","data":"FDPShbL16Fu4liD8E4/w4kGhZndKJ+bq6tZJ/818HXw="}},"c4pefK447peZ3LyVGm/yxlYF2DzhevU/xicG2NPoxyo=":{"valueMac":{"type":"Buffer","data":"6CZw+Fz4MrC78th6luYqT3G7xe14GFpWFD6ZD/zBJk8="}},"dFO4F9S/UgGnowChjI/1Qhnr9bqtbmqike+yZO4ZDWA=":{"valueMac":{"type":"Buffer","data":"YEuaHocv9nGIhdmzd+tjZG255gIBF12qcIy1gu/7yCY="}},"dGUJsopAcQku/5Bvjo+agSgvUKBbd40M1NHJvDMfuYE=":{"valueMac":{"type":"Buffer","data":"Q5bPo5JaBp91lWhUtgk0ZiOC+s4DZg8GxeqppxYIzXY="}},"dOy5MD+nGY8I8YI/inBqny0T3nVgjICYVJl7O6DfU0s=":{"valueMac":{"type":"Buffer","data":"KXcZ7n1e//5KhYErXDpN8IiR9MQLGsbz+NY+bab9mQU="}},"dUfeVUMnEI5mVaeppFpSDfy4YDbDXZSP/pr7jRzPpgo=":{"valueMac":{"type":"Buffer","data":"fg3S9c8zyraX2JbB/SjZvT3GJmPXkhl1t6/rvYINtlQ="}},"dpzlqmpqeu5k6rDJFe8Z8Hy0O9CMpZnlJLV1CtWQT44=":{"valueMac":{"type":"Buffer","data":"12zvGJxYWaeUUyJn5Zm6VrLF0fOULD/s+4fTS0Ws5qc="}},"eFziRG0npD9cB1UtjwaHHObub82I4Mt1vM/psvXHMUE=":{"valueMac":{"type":"Buffer","data":"KxSxv6/004U1+0S0eDXyZoZMvPbKgqZvxOhrolFCI9g="}},"e+5Z+AZkNk5t5BTUuSDPF3SvALhxcHh1smUjQ9tCE04=":{"valueMac":{"type":"Buffer","data":"go8AAXoZ+4ZYAJ7RK8STxPr4Sy3gQ+M9g+ioLo48LGE="}},"e/uzLBu0PMTBCevTOFWkNiJCFQldAzG7jnUCtxTeUQE=":{"valueMac":{"type":"Buffer","data":"u/xB7vdRNsO1dvWABkVjRf80frhXHMWPl6FomtqMwSc="}},"fGVdEtSfjlIGqe7IeBWossFN3o02gzRT3gcw3epqlik=":{"valueMac":{"type":"Buffer","data":"qMj3JFWWF9PX4ggs3rilW+Bhwy4Avm0JJ5WpNdy33xA="}},"fnAvTZw3aL/QbE/gndt2M5VgCi7WnKqF9ZOArqFi8xo=":{"valueMac":{"type":"Buffer","data":"M67bC3CPWYfjbFgr0zJ6iHVxZqhOSwdbKnplEszWuos="}},"gKUfUB7iHqQ7Glw06A6hegMAkyJV82ym7gDq0H/9V80=":{"valueMac":{"type":"Buffer","data":"r6aB+9jIHhjTgaVefyMeKNmdoEdZq8RXojqE5H/xzZM="}},"g/zDA99MeyEDbnsLgeurJr01JDKRSd6yk4X9Xx2dLIk=":{"valueMac":{"type":"Buffer","data":"Za4rmJ0apqiE3OTI3tcpXfXVMjCoREZTxVbz9kYMa90="}},"hKDNAPT2rA79I5f/ztOOFpR4tgyHeD1BE8CQ8vglA4w=":{"valueMac":{"type":"Buffer","data":"yij74dZtauBC8HCYoyM2y76rzwkD346nCNGrf4HG+uc="}},"hSiTBu0fCLdFg4M/fxenxt8ga1UA/uBJThaqsd0dTbA=":{"valueMac":{"type":"Buffer","data":"7JMGr4VDx2KHOr8wCnkGob7NLxkWapeQRsofeiDhPJE="}},"hby2b3DC3qdiFbxEE+G9GNxE+g8W3Z/zg+EBc3FItIc=":{"valueMac":{"type":"Buffer","data":"JKWHdQA7ZgaYOo7BgH88Js+MUNm9qHUiDv+MF7nIHss="}},"hhnGgbifDTlSdZiHSYOSzXLJ+Y6Y4XRf0iIDljwWVic=":{"valueMac":{"type":"Buffer","data":"cCAMwSW0iOzqHe0diVqrfAmMZqGIWexKJStebsc3m/w="}},"hnWOod5zxI5DUtFlScJUqZI6zTS2fLih5xWzwJbNVoU=":{"valueMac":{"type":"Buffer","data":"7UVYMFHQ/UO+AgH8o2MpwdlGgnKD4sgEyAvISqjFrxY="}},"hwpiuAJ2rydaucVR5Kyd6cge6Whjp+kk/svDSPO2fnU=":{"valueMac":{"type":"Buffer","data":"rzcyLenr7PGmlFwB2s05HKJ50bz7v2FjvMiHiu5eXkk="}},"h0sOuRLy1FKA2FRQx5k+/5YYu95Nbl39V95/oY5fab0=":{"valueMac":{"type":"Buffer","data":"uX3tUuFGpFW8ThCE7TxVZ9bAGs/fUv/461FCJLZUo0I="}},"h42ZCB6fF7kqKDo5zsZ3VmM/T1wOFNj5/St4QsiVP40=":{"valueMac":{"type":"Buffer","data":"157eulGDjKlLXYJLLTIwjO0MmgMQ3SSVf3qmJZJHQwc="}},"imBhxK9usZx5QwupIGQp/gnuj407g+liY/JL0OoVkqI=":{"valueMac":{"type":"Buffer","data":"ZgOrpLPdMZvLWmNiAAbPgGeLDqezsu8y8mrU0a8TaGc="}},"itVarQn/EJxCqlWUuexpSLpsk/70g775/ZO03AHsqUo=":{"valueMac":{"type":"Buffer","data":"RvFZGuvFEWfKVbDpF3exxwAU8hjt1cUi40WZ7NKYc20="}},"i1c9xX1kiebG8uqN2A063Xv+pUG0fBRWOzu7ALUTffg=":{"valueMac":{"type":"Buffer","data":"cLA2iQPOnUOggGWTNWDbjcEV8gA/Veyal4Ek3Z0YU/0="}},"i4idQugSusNu13s7UO5NQ2V+HbCxXBKO4sLzJ3VA0yk=":{"valueMac":{"type":"Buffer","data":"/hWpWQzTLVGD4MwKuP4uYJe3AtDnmxxTf+fTY7PLYVg="}},"i8AHZbrO/di8uv+QmPj5t5HEqAF15UiRUMYIL+8I6vE=":{"valueMac":{"type":"Buffer","data":"Be/drxA7ylUs8FONVqZtO8Q8Y/nEKP5TrZCSBKyYsjw="}},"jyQhkjzxguR4oet0Sd+krGIeHiSDjSrnqmcO21Ts5RI=":{"valueMac":{"type":"Buffer","data":"LDs3M0DqCRsDtSnDuJqmdLwAUvj5HCQ0UjiRAl+Gl24="}},"kOJjKEE9FRBPev6oIcqr7IUnBfcscbpo26zDXaliJe8=":{"valueMac":{"type":"Buffer","data":"CuRC36a2QhGj5rFRxKeKzJqsApV8oOOR9CLDfjQlexw="}},"kh4QHA5XNIS2LJatFKl/VyOsOOpSvZ+XI8v6XZQT9cA=":{"valueMac":{"type":"Buffer","data":"DDUqSgPC7/4xRl3N9V/W0x4pdQwCQlg6ktyppkMj0pU="}},"kjiA5MaFTS//6Kmd4W6DiVckEqMwh+sBMXY6IYlILIQ=":{"valueMac":{"type":"Buffer","data":"FfUoGXvmp5u/fOZc7pZ+wO2yYGnzXv4rwv6mmlkh1gw="}},"ksOI4s+MXssXP8Uupl8VWmLAUURjM5AELK02v93zpwA=":{"valueMac":{"type":"Buffer","data":"1TFSkkRub+NZOTcEU2A/emwTVLEN5adfqQyTA6vIzI8="}},"kxkmHo14uwvWFtZZEP3Mzbj4lrocVq/E75wYIRZ5ND0=":{"valueMac":{"type":"Buffer","data":"XmWUfNB+BZX1js6rnSif9Q330k3xSy3a68KGKfB3eY8="}},"mHVlig77uXoqrC896ps24MYiir7X4G/iR6JeoGBGwCQ=":{"valueMac":{"type":"Buffer","data":"y6c41i0cIt1kqHmytEhdMSRnFBsPnHyKFc6JI+rZM8E="}},"mxu6RHBgdWsYDhbln/fZksZNDK0YgjkW9l6Cf200eVA=":{"valueMac":{"type":"Buffer","data":"frum55WLrFDdYRI3iBSX4witLa8VO+1wnEreeO3+GYo="}},"nAP+ACoN39q9dhNl0/HaT5mWc6QE2UQTD850z4tk2G8=":{"valueMac":{"type":"Buffer","data":"NT8EUI4XTjL7J7Xokv/OwwQOglyKglMVNnPZh95BqbM="}},"nMCjbyD3yFMznW0j5QGet8MW5seAVyXWYXOfygIUpJQ=":{"valueMac":{"type":"Buffer","data":"dkk77okIIPHlDoKXo5Z4+UzcyVNdegAtTer3ObcH6h4="}},"nMjbHI3NpXDQg9MX+L0/rPvrSzzxe6Q/v3T94zm8SM4=":{"valueMac":{"type":"Buffer","data":"zG0js1R1c7csoWM0ikiLyCHRlJU0jPwjN6yVtln5gx0="}},"nQkp7O1aNJy8zvvz+Mz84GpeebONjooMFMVqnB0Rshs=":{"valueMac":{"type":"Buffer","data":"Io4BxuzVsvyBZbEkBYNgCfZ0VE/qzuVwiUNZbatTBjQ="}},"nTXULdwCHO/OPLbMWwpprKPyno1PdEZIqB57+HBedg0=":{"valueMac":{"type":"Buffer","data":"WprRXpe6UKVIfZwt9ZqbHCFsRtb9E8b4YFz17KjNE6k="}},"nXN1sXq0UxqwJtvb20BiPcaidnakHdVSV2YatPCKqYY=":{"valueMac":{"type":"Buffer","data":"CGQLMpEWb/b0bZ/4TUI/LDEXNFvLItpv+AxCzu+95ic="}},"ooHN28cd+xLhlnAYV+iuq4eeaeY/hXKzT4dsWe7xS+A=":{"valueMac":{"type":"Buffer","data":"VpzULpmyWBn1zZYaR8hrwRQgv+G0dvvaKno01/V8mV4="}},"q6UVxRYh7m9E7sicM5EpegdGF9XJjpKEx1rsj2XpiIY=":{"valueMac":{"type":"Buffer","data":"q+ukHehuU24SXIc6hDGB9IRXPYKjaaVf2R2xw9K9yto="}},"rCu7q+blrjsfkNvCsZgG4zBK0wvTdAFcXNayOA7MPXc=":{"valueMac":{"type":"Buffer","data":"44i0hbzLKob2cX5XPjzTqnoAp4bKAh/1BiHwuBbkEec="}},"sV+8ctVgpXkFppvFdM3YDon0uFT81W2NFO2QuTCfXAE=":{"valueMac":{"type":"Buffer","data":"Tdqtkin5JdScs764Etmqnj83I7P+i5Wqp2ipM9AhgQ4="}},"suNUhLbzPRqhZuHz5j4Cn7P6RpfW4St4is3XMAmd+vI=":{"valueMac":{"type":"Buffer","data":"djiO0Plmy9LVPBhgAtHWptHeGru7EGrTEPyPaiNid8A="}},"s990uEDgd2D78HWDk/SE68La9zlZfdRcDxHUadVEDC4=":{"valueMac":{"type":"Buffer","data":"tGJibRTTB61Qvs2wDRxCCn2kM9EaqcaAPDxmwm0bEQk="}},"tC/6ujUiXrtN0+ei6w1vKjF5cIshcAnUJn4CZKmB974=":{"valueMac":{"type":"Buffer","data":"TD9KDbTh4zbFCbwm5y7MrTWOj3o70V7a304fnUw1zUU="}},"tw5nZCn64vmTpebf+5gYsGSskpWNpK9wd/ADKZlxHyE=":{"valueMac":{"type":"Buffer","data":"jHYQCEBzjca8/IT3aftjMiMQ5ws2o8ugz7HdLcZXIVs="}},"t969Z1VpzfXOXF0WmOu/4Qw5usXXBlsZ5YVXlLVy3yk=":{"valueMac":{"type":"Buffer","data":"Zfqw2Sk8GuSpREtwA/78QhPL5uwGf9xq3XeeU6XY1Mw="}},"t/5w04dsW3709ysDJ1QeUnrKsb5Qmv3p0AdPFdXP0Bo=":{"valueMac":{"type":"Buffer","data":"/UACZWxRYTP86VLBVao48lvPSt4u/wQJzsT+2SDZYS8="}},"uJO4clNR0EjFuMJhCEwZ8P7UOdcpJC9ku+T2LrhoSkc=":{"valueMac":{"type":"Buffer","data":"ZRY3Ic/EbLrfhBGa3vQC9Zg5Zhq//xWDr5xhY0cqwKw="}},"vsz4VqIQtNbRauY6em2ahwh1DcUc0wZnHJzvYS5Y2l0=":{"valueMac":{"type":"Buffer","data":"YFz26Zn2n+Nj7aOXWYcETEGObIO8yEjg43TnVPPXmec="}},"vyF+x+v8bNRyJo2b8zEI+hdq8PvtdjWt43GeuokQaHI=":{"valueMac":{"type":"Buffer","data":"I/EUKPz94XpfrU1IxHrOktMlKWV0I700J3sWDAhcmOU="}},"v3jYs5gSJrRRtS3CGx2MSSF2frQRwkPj/gUyhsh9sMw=":{"valueMac":{"type":"Buffer","data":"kSRrm3jVUW9EvJUOQk0QjOrpxNhWLt7EY5a89Fy7ZAE="}},"wEnZJDavNt00ZB5+aIBwJKhfalvSQO7eXSxZ5fvg9p0=":{"valueMac":{"type":"Buffer","data":"xh33HIjkO+u8csJ2ZoWqw46kyLLc7SFVlOa+VRNjGfk="}},"wOpo3v6xVr4jL8UTRO4ksnamhBI8zNHQ4BCSr6pXmbY=":{"valueMac":{"type":"Buffer","data":"FDe2vDIy5OmXbXnGX3RcFNm2B4JVF6CU0GJxEagUdu8="}},"wZWKjYCU27Eb8oM3druqV96seHv3kkz9oBm3rHKFXj0=":{"valueMac":{"type":"Buffer","data":"e3CoZty8UAH7aGKrjcOtVHqIYGQ4xeDU5a7+V6GQ1Rc="}},"wbq7sM7E//S8dE8gXzp+41/9sdWSjNfdgyW+v2gGjoQ=":{"valueMac":{"type":"Buffer","data":"TB5akli3q5DozrpZyd8Jy2LYl4vApRIC9OXBU4vRSko="}},"wlAuWnPNI0akQea3ZcvyT5q6ZoIf95yUN2PVIS6BWX4=":{"valueMac":{"type":"Buffer","data":"nKKw7GRQCufEgXeGZfKB8HLjuVzFchAlv8XLewqs8rQ="}},"xLKoasX8bYg7a5N0hiWgBTJaJEX2injsyVvCgrFq3Zg=":{"valueMac":{"type":"Buffer","data":"qtXzaqpzVOypEHA9WqnSFDL/ENAh7lbCTFWbTc5nRz0="}},"xL4YqzCpaSWjsbZmn18SOluGNhB2bT3bwZcghhCdAjw=":{"valueMac":{"type":"Buffer","data":"qLbXMYtYwP4zH0bDRuJ3XF4UDKut4NDHdMev9cZ4sbo="}},"xX025cGON0CuHNABOLaAqAzsju3pX1NnvET6CmmMSwo=":{"valueMac":{"type":"Buffer","data":"wc46bSo2bAue19iIEvpJpijdRTu7NXq8GX6dO0vqvjg="}},"xl40RdMn93pzFgj6RadwV4UeW+oSQMQm6GVDdbw5fo0=":{"valueMac":{"type":"Buffer","data":"AwrhQSXJo0vPB9tctrHCWtuEdXb9fLKlOhn9LLtTvis="}},"xmZROM4rcWrtXHedyr5yvyry1fe0dqhRL+2N5Zqhl28=":{"valueMac":{"type":"Buffer","data":"SUKLqzm4Hl330eQEbkE6jV3+7pzae4L7B4g7R6wUhlw="}},"yTBhSoWNBQrKdEws2Zd/akRq3ArcRXdxmFWBCDWjLd0=":{"valueMac":{"type":"Buffer","data":"mDTlPCzIzXErnqDd8WodC38OQyCqUsawHvUkm0LOUrU="}},"yYl02IMxXjp7HDv+QRx3EnUPqHyVZhNfFgwa8nVlKug=":{"valueMac":{"type":"Buffer","data":"02vbBvgTKxt0jywlT1vcHeW4TlPV5q5cz1nvHxRKn1M="}},"yfoDUX5xRaQVHVagq+wub/tSMFgb5yDsxBWxy+3XW9s=":{"valueMac":{"type":"Buffer","data":"SSsq/zcDxi7FWj7o7IJh14J4OuE8mnqKjasN3Dugm2o="}},"yubx5aC/pNM8y/tpm6lHGCcT+yLhe+xgcm4dqKNzV4c=":{"valueMac":{"type":"Buffer","data":"Zferms37cyGxTecN0KrmzeHa2S5ZRyBVpfnjKpO9aFw="}},"zADcoQijxnwXDX5hBVu1vgFziNioXCx5wFxrmsIrxOU=":{"valueMac":{"type":"Buffer","data":"T1W7AwRysKQjNKX1blbB3aL+XYMiAr52qQTBhXyua44="}},"zacEUng131B2rxKovF/BLWR57I5LdputFHjkjgGRcA4=":{"valueMac":{"type":"Buffer","data":"KQ2gCQrxHHcnMtD5cgkz5MN5wpdgb76kifQoTDDOPhs="}},"zenC3BYLM+ebvQKdGgVy8ZPbww/RNX9tPvw+wgFTyXA=":{"valueMac":{"type":"Buffer","data":"zHbxsVah8uCNfD2eVAfEdLJ1TRHAVvz2+qEpoGt370o="}},"zkm0fTSbWSmTqZ7Xq+4wAUH6gbFkq4sPs+Iv0RaDb7U=":{"valueMac":{"type":"Buffer","data":"xcB/n1M/w0h+zKNWCVHZRNHPkEf7o4kMCMT82/1lp4U="}},"zoUTciRs7y3cwsX6m6AMm0wK6vnHGPcfh0GL2eBwxEk=":{"valueMac":{"type":"Buffer","data":"h83vw46s5x3Y8Ucr2nNNO41Hc9hIk3IHxV8w1NmrT3w="}},"z+ZuuujVrzH8RFYAqAmZ7jaYL2EscpcMHYYoNaCV7HQ=":{"valueMac":{"type":"Buffer","data":"vh2mYJNN50OGxYdyV68f2pHLz7uZ1yiBY2ea+AqYdzw="}},"0Gpr+1AO/uAY3DeFMxR10m1c7HD8tqQeBKqINzKQp6A=":{"valueMac":{"type":"Buffer","data":"udVufyvDwOut8eujL1YG+Ck+nXNRaBgJdYGbC1qnlwo="}},"0K5tZr5WiyTssdiQYOxcC/x7ECy0exPOMhrwYouzlZE=":{"valueMac":{"type":"Buffer","data":"KeeAbTsCrfCMRkWuPURiuue0V/4NUK8MnoKSqKQK6qI="}},"0ZJ/g1Hrmb4hRG9QOEJQc/vmLEkQstMfcpTRnmT/sFI=":{"valueMac":{"type":"Buffer","data":"eWfqmVLZuCPJk4iUY+qubDNbOIVW7aEnub9dDtkWkb4="}},"0fCKO3/llo5sMCwGwGk5M0tcXDG/DfYHvOGOM1f0tFU=":{"valueMac":{"type":"Buffer","data":"OvWNkPDRiaK5H/rosWMAAxBbbqFJCA41SfmBEUL3+Q0="}},"0woisR0Xjq3GJxSEudeT/Gkx74DNiiWASh7EVmFHDoM=":{"valueMac":{"type":"Buffer","data":"T6xawnGL6ot2oWi/97S6MddKcyaTPaOkISQRTMogFUo="}},"1NnXpJdGPnnnpGscAumjnPofbFfhg3QTPY1+kKVQqLw=":{"valueMac":{"type":"Buffer","data":"hoQHhT9CQ9GwC+5Wp/4T345CBm1xjw/0PyASlX/DH2g="}},"1mEdoARWvEXBLxK7jBnuIrt7CBtz8fl3vUeAx8Fap+0=":{"valueMac":{"type":"Buffer","data":"VcsZs4M0rGxnVBmKEIg8ihfe7KqHIv+fG8WQ9oc2Ifk="}},"2RT5pcAHJgI9dXIItZ1LO2X0M1qYHJPc4yxLKk3lERM=":{"valueMac":{"type":"Buffer","data":"NEogCT82rZwOO2vbBZ9w0goxBIOPdrp4/RtulHQcHTE="}},"2wxrWmb3biFWMsnPTf8QkrNFa6H0b3G2lH1NGwG2v9E=":{"valueMac":{"type":"Buffer","data":"E60E7XFwHUFumct0Sk4bhx6qHF4pgwf105yll2/6VoA="}},"29Unm4KxXWaPLTXHsq2CpZl05RDkHHAaJMOJyIVC25Q=":{"valueMac":{"type":"Buffer","data":"gqCK0y1TuexcdS/dR6kZYL4RLj7hmR7kILVYfBmMlvg="}},"3AEr72l7M0VeKX3w3FRQP3DVasKHxMygoxf7Chq7/BE=":{"valueMac":{"type":"Buffer","data":"X2o3bt1DnvR8jkpwaEUXNS258umYkA6zgznANtfAb3A="}},"3ge83UOLWTX1mw/UMmCcL+bApKWCThpWliVuLfUsTvE=":{"valueMac":{"type":"Buffer","data":"/F+ViaZuWOVnREvRMB95HgIWcfbn+VrZWJx343Vb40E="}},"3/b7GBkLXNr1wY6PC4MVu4+Lb/ksW72Etlm3ki+mUGo=":{"valueMac":{"type":"Buffer","data":"uKHAXFmPbPpQoY7HWQELPPW1oBi+vhuuoc9czIpxTtw="}},"4nHNtmn+iH3UL6IP2pb7QvJtogE+vS2+w3MrIC58VfA=":{"valueMac":{"type":"Buffer","data":"6wWYQntqjSrFjJzbTq1zEuhCkArOOMHYTix1ThZr6qA="}},"5ZBVqzMSdpRFYAGzsbkUA9QNFa47carzEnIkuZbImc4=":{"valueMac":{"type":"Buffer","data":"HR68EYrydCWdy9ba1O/YiaxFQUG2953kuSWgk852W5k="}},"5xb6tQMqJSzkh8GCyMIY3u6djQ7rX0E6+mvZiCU23VQ=":{"valueMac":{"type":"Buffer","data":"4uZYGJDc76AGc7sIPxONA1vPwT/IRziIjO+7H+d/43w="}},"5+FCQbuOTa0vW6bYYRdsXWzAIBDg+SGEHA5QKFBLW+g=":{"valueMac":{"type":"Buffer","data":"Ji3HtQgNuqHlU4lEixuPFzo76aAtZlzjJOkR8cUWZzg="}},"6jThyGlJOd4HlIGunDRmihun6FygaFeVgXg8CzyOzU4=":{"valueMac":{"type":"Buffer","data":"eB9zNjOu2OOGgmp6aX8UMHgmXSSBV4wURry3e4HnEmE="}},"6z/LXA2gj6DQqveYL+lx0fu+gRie8G6v9RkovtPWwkw=":{"valueMac":{"type":"Buffer","data":"uO66/9DSYiHW7vgzaLT3a0osieKVPmNy+1qpdLbsvog="}},"656aEAX9X0t1StNQ6BO0ZjyvTPVyYPaM34n9wTR/gFk=":{"valueMac":{"type":"Buffer","data":"DY7TrokkKdzfNeKo9Z8KN59utkDnphDxKoFFMytMzW0="}},"7NgJPdM5R6sqzpjmgx29aPYQPwJuBq2fHKDF11ygWGA=":{"valueMac":{"type":"Buffer","data":"gRPz/kwrcTHkKmbqJZeBdM7hPCXwgdriuQHrPVTAwfY="}},"7WxQRTTtwjX4pQvhAIkFnTCSrsvSUHXAXv6cNwEz330=":{"valueMac":{"type":"Buffer","data":"S9cWqLVIVMyNszK0g8Z9mr6ur0C80LPtUKH+QIQ9CLI="}},"7rGhuofl+8orTIvMcrbjIjj9YdOH+41mVFsvO48UPJM=":{"valueMac":{"type":"Buffer","data":"Gd7lhNSzJDFwxmQrjoe4FqUOttle85ut32wk2Z2iItQ="}},"8tC2AlVoravVd9nuhVsxpKsiQP+nK+SfpQJRkFNk9Ww=":{"valueMac":{"type":"Buffer","data":"CsSOblTt743AtnC5Q8Sf9EBmqPwvixvpM5GkWhprMwA="}},"9Gv0rXIqAm6yREScRZevKcvttyCB9wUbGoUHXAR7uKs=":{"valueMac":{"type":"Buffer","data":"fj98Ae3Ozrjky23X+OVdwXp0d2tIgWc4/RGvG2b39uI="}},"99LiGVSjjlR1jo+rD/nPDZei8sUEBT4vaXKUwouEasw=":{"valueMac":{"type":"Buffer","data":"Pc/Dz51hevB9FBF8Bowtd4dWIWEJ+umcaQQWhRBM0Wk="}},"+fCLPxA+XXPkuWdgpY/zekQvdyvBDlKAMMbt3M5IDS4=":{"valueMac":{"type":"Buffer","data":"TT449Dhp/d8V7pHjAHN/c61joFjjSwuppXvRt7mouOQ="}},"+mSOi6weA3KprmgJVccBDE5U/zfKwB6FYRpvzG1DtSc=":{"valueMac":{"type":"Buffer","data":"PTcHbbdOUKqj2BK8nskskdWGhDiqOD8dAuqrlxBYx10="}},"+n/jL4saDKRoaAzZRM1P3We/JqcylD/WcY3ZDLRsxHI=":{"valueMac":{"type":"Buffer","data":"3OajEByvWPcuMCA3T5nnZ5sitgbnx1GpDdzSRRXhvBk="}},"+sPquVjpMGXlFU9UvwbJbG+J3pfhfu8X3P8X51JVoQs=":{"valueMac":{"type":"Buffer","data":"C/+x1Q7hC+B0gj0qPmczv7r/zUX7zY59XuF19lmelh8="}},"+4HfCQLuVmOWg17EF7SV1WmUNJUk0Im8tikj6PM+Md0=":{"valueMac":{"type":"Buffer","data":"uNVBukgdj4WICYE2+gPvVT12Gsu0WfBGEzDoeC5WWlM="}},"+49Ze7aFQVxFPx11de6DZJYwglLnFjbj4qtEKAg8B9k=":{"valueMac":{"type":"Buffer","data":"/BPZd4/O90H3W0e7r9KL302GbIlwnB2Ca/cBcOlhsJU="}},"/Hft/3BFBr1AmuI+r1L+TqFcnjc38EmFsuk+Aix4b9E=":{"valueMac":{"type":"Buffer","data":"24D04YM7dopI6uteu3Kn+d/fnIx2mJvR2JbhJsQp7Zg="}},"ioEU4+oqk8CAY9D1NQ6aZlx3lrf6ZBCy2a86V9xZqvU=":{"valueMac":{"type":"Buffer","data":"LBCWfotsmLoLJ4y9Z5kn/jDw7AT6Yr2JonggjoB0lVg="}},"oWeF/LRrkcfUrJC860RjgvCrPWPthC8pj56YLTnLNXY=":{"valueMac":{"type":"Buffer","data":"/lzczq0o2nZ77fx6zFlDJgmxXXifbb04suip9lbYQzk="}},"c/DhcbRM6WLpSn2pa7dOasH17nGJGCXBVCBp+rxwxi8=":{"valueMac":{"type":"Buffer","data":"hvtniOYSlA7fyhElp0g/OYJz2uC2uQWZOCJ/L8KbZl8="}},"DBJ8meSmCVEZT1TwAfwDIVFMcKajis1pH6OZ2PNUhk4=":{"valueMac":{"type":"Buffer","data":"sVf0pg2UZk42N4yJkHo0NbrB9GDvb4h6TLNwPnxyHWU="}},"6lZNTYoXjMetZ1BEtlkU5EwMe7pNRxPp5qY5Qo1/Sgk=":{"valueMac":{"type":"Buffer","data":"tm0DBj146FXsJG6zoIejJPfEfyLr9/x6AH2a8dH3khQ="}}}}