{"noiseKey":{"private":{"type":"Buffer","data":"4KM1fInoFoTeH3jg6lvLG/7FlfpECnjPntANhw5uWmQ="},"public":{"type":"Buffer","data":"6PuXPOsPFAy70FO9wDLxQJFvj85C+W4HFRdW6q8ttgg="}},"pairingEphemeralKeyPair":{"private":{"type":"Buffer","data":"wMPDe/9iXsVmiZZVUrOZM5nUQCowgD7drAuzYZ1gS3g="},"public":{"type":"Buffer","data":"5gvu/brS+Ml1o2ZXbLLtL/sqC7P3GDh/Db516VHo8lw="}},"signedIdentityKey":{"private":{"type":"Buffer","data":"eKA4K6FGl1Vsr4yQes7Yo1ca4OriXOP+D6OxDVE/Uk8="},"public":{"type":"Buffer","data":"sZlLAwMuBf6ffWCgeJvAMLUnvVunXH9+J4oa9MItsS0="}},"signedPreKey":{"keyPair":{"private":{"type":"Buffer","data":"WIe525TcPLVbHr9WVgvSwMtASnpBsh+OgflCwdVz/G4="},"public":{"type":"Buffer","data":"SfAuP9+bz/17A6y4MUJTLxSFgl5SU0GSJPKHhvQc6Dk="}},"signature":{"type":"Buffer","data":"UzyyxebMQpmiZ/lLUn31iVjVnxYfOjXjI7z11UhDES+s0FAfA2iZskGqvcJEV8Q3sULbEa5TA15eqoeD1Jf6Bg=="},"keyId":1},"registrationId":187,"advSecretKey":"vkUbqlqxMLHde2Kov8r3CaIH7LW1/QWKC/y6gyIbL7Y=","processedHistoryMessages":[],"nextPreKeyId":91,"firstUnuploadedPreKeyId":91,"accountSyncCounter":0,"accountSettings":{"unarchiveChats":false},"registered":false,"account":{"details":"CMnW85AHEMWd7MUGGBkgACgA","accountSignatureKey":"QEQqFH//2BT37ve8PXw0xjnRTTNqCPqaKH/amvcb3QQ=","accountSignature":"P8dyx0ZaEnqPZm4lEt1jbAjFp4GPBAdgoGeUsEl2ba65618wfV1gzAg+Mb1v1KsgFO0lK6jm5RcduFbGDTsMDA==","deviceSignature":"7eQKOIxugXvt1h9SqrZ80Yhc173haeaDskXMv77zjFvZtVT+pxfwv7H2Dav1vl+CTNxGZ8/dnWJM99ovATu8Aw=="},"me":{"id":"918459039945:37@s.whatsapp.net","lid":"238993472024579:37@lid","name":"Afnan"},"signalIdentities":[{"identifier":{"name":"918459039945:37@s.whatsapp.net","deviceId":0},"identifierKey":{"type":"Buffer","data":"BUBEKhR//9gU9+73vD18NMY50U0zagj6mih/2pr3G90E"}}],"platform":"android","routingInfo":{"type":"Buffer","data":"CBIIAg=="},"lastAccountSyncTimestamp":1757089581,"lastPropHash":"C4fJN","myAppStateKeyId":"AAAAAA2K"}