{"_sessions":{"BWddC+Fr5at+ZyLARPsCOr47m0nsFVkTibI/GEUDS2V1":{"registrationId":1993017704,"currentRatchet":{"ephemeralKeyPair":{"pubKey":"BXliNWcD98jAJQ96tyNlNfH1EAfosJHNCv3VE+dGaP15","privKey":"kC9ZNzXW4G5Rt6JvAIJNp0soFxBirBXgzq1yniFLYnQ="},"lastRemoteEphemeralKey":"BVnAO0EpBhk1E2QELvD5kmFQp3C4JLyWUXmPkxcQx1UA","previousCounter":0,"rootKey":"nBaThTzL4+9ar+41P/U9B7iRQqKRpFHVR2AolGgJjFQ="},"indexInfo":{"baseKey":"BWddC+Fr5at+ZyLARPsCOr47m0nsFVkTibI/GEUDS2V1","baseKeyType":2,"closed":-1,"used":1757132189539,"created":1757132189539,"remoteIdentityKey":"BddH9WCNUH8raDwBk6DZxM2/P6/1JW7wn6gLgopbl3tE"},"_chains":{"BVnAO0EpBhk1E2QELvD5kmFQp3C4JLyWUXmPkxcQx1UA":{"chainKey":{"counter":0,"key":"nHer3V4yt8G8jzPOjaBy1v/RTrWgWtQ0NQn+JMP2PfM="},"chainType":2,"messageKeys":{}},"BXliNWcD98jAJQ96tyNlNfH1EAfosJHNCv3VE+dGaP15":{"chainKey":{"counter":-1,"key":"c1Dp7qMyJWejpII6ZitE87tAEmvP+RVR6K6JmVpBp3U="},"chainType":1,"messageKeys":{}}}}},"version":"v1"}