{"_sessions":{"BYEkrM2dBssM0Nz0FiUhxBrP112ZsSRY0oqE6+bNICQG":{"registrationId":390882844,"currentRatchet":{"ephemeralKeyPair":{"pubKey":"BbsNnseLDtXm1QpwNcZplNpUx6rrsxjGixZCquCXCGwq","privKey":"wFyqPKF/WceotciTVP/UaZ9KIEd3ave0Ix3+Yh9zP3A="},"lastRemoteEphemeralKey":"BXd+W1+lIR487t/rFFzHZJFX+H/aesg3YPrcGa95d2YY","previousCounter":0,"rootKey":"Ieid4ys8e7yQUljtV6bMZxN4R6iRRjRNk/yZ8NzZQso="},"indexInfo":{"baseKey":"BYEkrM2dBssM0Nz0FiUhxBrP112ZsSRY0oqE6+bNICQG","baseKeyType":2,"closed":-1,"used":1757132189583,"created":1757132189583,"remoteIdentityKey":"BXu0mx9Yo633MoKri53lM1mdHOY4n+tGZkYyzeTRmbtp"},"_chains":{"BXd+W1+lIR487t/rFFzHZJFX+H/aesg3YPrcGa95d2YY":{"chainKey":{"counter":0,"key":"NdW522pKA3fglGMeoP9uX/GfoDrWRf7Q12Hla39KVvU="},"chainType":2,"messageKeys":{}},"BbsNnseLDtXm1QpwNcZplNpUx6rrsxjGixZCquCXCGwq":{"chainKey":{"counter":-1,"key":"XoR/SFsIMCfRUQDHKqnKIeV5n9kZqPlmZpH1OR5rrKc="},"chainType":1,"messageKeys":{}}}}},"version":"v1"}