{"_sessions":{"BcivD1JJVnyt8IysTZRR0it5cfhbFX3GivJP5cInDXUi":{"registrationId":1191467586,"currentRatchet":{"ephemeralKeyPair":{"pubKey":"BSc4AJni+qnidBAfyIEMfr/44JqfMHg1VBuisJBuEXcm","privKey":"uEF0YCnPYjYp+M5lqq1fIbFh0mIwPzB5D0aOWcIW8GE="},"lastRemoteEphemeralKey":"BWAOj1Y4OeMX5F7P21MQzyP+M3knZ/ly+dtvlvhrJlgH","previousCounter":0,"rootKey":"AxcZ5n+NDQrKAKnElsxisvbMt16gyRaZ1+pkhOQ1NkU="},"indexInfo":{"baseKey":"BcivD1JJVnyt8IysTZRR0it5cfhbFX3GivJP5cInDXUi","baseKeyType":2,"closed":-1,"used":1757131049308,"created":1757131049308,"remoteIdentityKey":"Bf4UVScNH2NUqvu2r4GqgtJEpCA19T3AL4jcn6TlD6Y7"},"_chains":{"BWAOj1Y4OeMX5F7P21MQzyP+M3knZ/ly+dtvlvhrJlgH":{"chainKey":{"counter":0,"key":"hl4gARyQ4ms9PQVL7PN4xjm141YZnzzD/Qw/V0QmruE="},"chainType":2,"messageKeys":{}},"BSc4AJni+qnidBAfyIEMfr/44JqfMHg1VBuisJBuEXcm":{"chainKey":{"counter":-1,"key":"hQ8zwfM9jxKQuhGDKVLl2/vhKo4IuLLS/8jVR1mUMlU="},"chainType":1,"messageKeys":{}}}}},"version":"v1"}