{"_sessions":{"BaeDVKDyP+ZkJ3y+k1PiRxdoELvzH9kqoMt2xqLWnYMw":{"registrationId":1347474950,"currentRatchet":{"ephemeralKeyPair":{"pubKey":"BW/I+O5hTLRCLjnIkOwI3M7zNBOQKjqS9MslUZxjjRkM","privKey":"mJoVO9vwzqcW3gMaLqAYKkzNthnkCwnh0EZRgcPcI1Y="},"lastRemoteEphemeralKey":"BWSeIbWOcAlEtQ0K8ofR9puIGBRuuxeWy3OlM+Go1HB2","previousCounter":0,"rootKey":"PMfMRMU81W3meFGoyi3a5LrQTnOEea6g222gJ7SG6wo="},"indexInfo":{"baseKey":"BaeDVKDyP+ZkJ3y+k1PiRxdoELvzH9kqoMt2xqLWnYMw","baseKeyType":2,"closed":-1,"used":1757131049088,"created":1757131049088,"remoteIdentityKey":"BS8GXa7BnD7Un+42cECRFv3WxGsczfSU/o0slea63a4e"},"_chains":{"BWSeIbWOcAlEtQ0K8ofR9puIGBRuuxeWy3OlM+Go1HB2":{"chainKey":{"counter":0,"key":"bcNO4pa9/TmHWGaxhMRIdnWj/GlBeSk4tMn7B+tZqNE="},"chainType":2,"messageKeys":{}},"BW/I+O5hTLRCLjnIkOwI3M7zNBOQKjqS9MslUZxjjRkM":{"chainKey":{"counter":-1,"key":"dVunWTwQbaXRnLIz6q4Mi+OfC+67c0Api6/kZQLxwrI="},"chainType":1,"messageKeys":{}}}}},"version":"v1"}