{"_sessions":{"BfYyTmNwTGtHIBwCs9SE9xPhiveUMnaAPoo6ISLf8ssz":{"registrationId":1880322549,"currentRatchet":{"ephemeralKeyPair":{"pubKey":"BQUNy1du3Vc+iMBsop2bwbsjvX02qTH6NdY9FkZCGKwD","privKey":"QPBbMwy0MzEiO8TQNtYUVo1Lmahym39A3H0UkwA5RW0="},"lastRemoteEphemeralKey":"BZtR9gMyGCpTVpnxkeV0z4l3KzaOzlF0n584mMuhjS06","previousCounter":0,"rootKey":"DlIPnVZRK1vSA1n7n4TjGidkjTzYCHqHWO/0Zou8w40="},"indexInfo":{"baseKey":"BfYyTmNwTGtHIBwCs9SE9xPhiveUMnaAPoo6ISLf8ssz","baseKeyType":2,"closed":-1,"used":1757090695969,"created":1757090695969,"remoteIdentityKey":"BQXcrVPQ0ZhEDzdl4ZqKzv+A8RreT+1wzB8bAUcngwEh"},"_chains":{"BZtR9gMyGCpTVpnxkeV0z4l3KzaOzlF0n584mMuhjS06":{"chainKey":{"counter":1,"key":"oNyk+mbdxJcqVGDFixj/ekdCfpzt7jHz/GWt1OBmi4I="},"chainType":2,"messageKeys":{"0":"4F/q/Rz9u3MfwwqTlg4vAGAN+3vRCGV4aCrnV8p+Ub0="}},"BQUNy1du3Vc+iMBsop2bwbsjvX02qTH6NdY9FkZCGKwD":{"chainKey":{"counter":-1,"key":"K3+9VUSnckNDfqT90EJL3To346RLDL7aYqGsftt9dbQ="},"chainType":1,"messageKeys":{}}}}},"version":"v1"}