{"_sessions":{"Bfyx3fBp2bzLwdDKkA00zGpdiaOGGrX0j2UcGteK1m1Z":{"registrationId":664806786,"currentRatchet":{"ephemeralKeyPair":{"pubKey":"BbMRr2RELS01B9ThLuzZbVhkQ39Litj/qFsM6EDFyeJm","privKey":"GKza0QP7I48InlyJDVq5m+84EXaQfDKbiRzssXQ8hn4="},"lastRemoteEphemeralKey":"BbDiYCtI+Hi1YICV4CqSR4Hmjh0sUz7m96VtWWc/OvZU","previousCounter":0,"rootKey":"aPzS1ICcvQCFAkM+iONWSm3Yb8y5SnsJvniL0A1pevw="},"indexInfo":{"baseKey":"Bfyx3fBp2bzLwdDKkA00zGpdiaOGGrX0j2UcGteK1m1Z","baseKeyType":2,"closed":-1,"used":1757132203028,"created":1757132203028,"remoteIdentityKey":"BXbuTFeXkLalWnHFRX/J5OKzCgRqaIIvvzZloCtd1vpP"},"_chains":{"BbDiYCtI+Hi1YICV4CqSR4Hmjh0sUz7m96VtWWc/OvZU":{"chainKey":{"counter":0,"key":"wtYxd4UiRHzZ/arw4pzN9LFOZT2/+i+kva3sxeFbtss="},"chainType":2,"messageKeys":{}},"BbMRr2RELS01B9ThLuzZbVhkQ39Litj/qFsM6EDFyeJm":{"chainKey":{"counter":-1,"key":"0nTtRte6tsSUGrKJ4+MSAekB8y4cGBMMmRN7KHvYRB0="},"chainType":1,"messageKeys":{}}}}},"version":"v1"}