{"_sessions":{"Bc0XMWP8gwxkxWNxRYrB3JBxaxR3jEg7CI5LIKnrPj9m":{"registrationId":42544608,"currentRatchet":{"ephemeralKeyPair":{"pubKey":"BTcaVlyeUPUicsx8GlTksUNehFty6lzrzJXAzkCGwxtZ","privKey":"0AqlACM3Al8peL00Tkz6LhAFGzB8oovxzqwM3uq/PWQ="},"lastRemoteEphemeralKey":"BbNECnY9MVyIsN2zOCceUc9vfHerWs65HHt2jmgigXEg","previousCounter":0,"rootKey":"zym8OTkzRb9ahTbwtuHCLFtU+h7aoLREoCXvBAQJfkU="},"indexInfo":{"baseKey":"Bc0XMWP8gwxkxWNxRYrB3JBxaxR3jEg7CI5LIKnrPj9m","baseKeyType":2,"closed":-1,"used":1757132210067,"created":1757132210067,"remoteIdentityKey":"Be/NAevIOqt2N0YUI77ot/S24CXf17rSB+bLNd5D+hRv"},"_chains":{"BbNECnY9MVyIsN2zOCceUc9vfHerWs65HHt2jmgigXEg":{"chainKey":{"counter":0,"key":"6OCyEMUOZ83ZKvfDFEOME3/RA2ppvC//9GrAQtg3h5s="},"chainType":2,"messageKeys":{}},"BTcaVlyeUPUicsx8GlTksUNehFty6lzrzJXAzkCGwxtZ":{"chainKey":{"counter":-1,"key":"6nm6BLYHwMVLdvu7WDuhXMtf3UI9NxC/o6rfQ5ccStk="},"chainType":1,"messageKeys":{}}}}},"version":"v1"}