{"_sessions":{"Bdbwyole4hIeR1OHk46Ph3Onr68t7O2BLfDQAw62Bfsh":{"registrationId":919663611,"currentRatchet":{"ephemeralKeyPair":{"pubKey":"BY85qALYYqFc6QAnNYuUMF6J3PWXYvlFq+DI7AHBpKZ3","privKey":"oDkNVx1582ohgHw5vOMLEciTUyLgUJt0a2VLWHjgul0="},"lastRemoteEphemeralKey":"BcZYKxTgqr/nnuDDMScuNTaUFF4RHcmCQz5dsSyVOewa","previousCounter":0,"rootKey":"QHwjr/jBVeGRSEMeOcBnNTIpNNNlZzAxqXKMxBpTa/o="},"indexInfo":{"baseKey":"Bdbwyole4hIeR1OHk46Ph3Onr68t7O2BLfDQAw62Bfsh","baseKeyType":2,"closed":-1,"used":1757131049170,"created":1757131049170,"remoteIdentityKey":"BS6ME9RQkJkJvnazkrXZI7BguMwFW/JDmuUZ+oPMZrdJ"},"_chains":{"BcZYKxTgqr/nnuDDMScuNTaUFF4RHcmCQz5dsSyVOewa":{"chainKey":{"counter":2,"key":"5pZZv9yJWJDqRJ+OAYyKoab9gAOGIVTYoEGCke98mEA="},"chainType":2,"messageKeys":{}},"BY85qALYYqFc6QAnNYuUMF6J3PWXYvlFq+DI7AHBpKZ3":{"chainKey":{"counter":-1,"key":"fIPl5CNVVMYHiixJhGrBI36hg2bjYWheOmd7dPsYJQc="},"chainType":1,"messageKeys":{}}}}},"version":"v1"}