{"_sessions":{"BVvgC8RZeQGyqPrtIeWTVMvmhwPo5zc1xAtejckWAqtj":{"registrationId":2116829875,"currentRatchet":{"ephemeralKeyPair":{"pubKey":"BRRT9+SwPK+AIPa4lwT+Gf5nLc9eEozhPB6XaGPbrZ1l","privKey":"SGC5cWDuPhK+WNVqUd8yd78wTNoG+Jm81/MNDZ4HqFU="},"lastRemoteEphemeralKey":"BVWm32hrsCbRyPUUJ2/Btv5NNVvqF90Ta2ST42pnJxpY","previousCounter":0,"rootKey":"KOQZLf/yFLICv3Y7a4nd+x2z+gPem3fzPAw7WGmd3Bw="},"indexInfo":{"baseKey":"BVvgC8RZeQGyqPrtIeWTVMvmhwPo5zc1xAtejckWAqtj","baseKeyType":2,"closed":-1,"used":1757131049127,"created":1757131049127,"remoteIdentityKey":"Bd0GEYRoGH8gq10Ubw8NXi4VtA/jMKV5D85kdCUD8TpU"},"_chains":{"BVWm32hrsCbRyPUUJ2/Btv5NNVvqF90Ta2ST42pnJxpY":{"chainKey":{"counter":0,"key":"X7WpWFW2STaOWdpauTmeQsRUfsOb4Oi4oQEyJX/ApEw="},"chainType":2,"messageKeys":{}},"BRRT9+SwPK+AIPa4lwT+Gf5nLc9eEozhPB6XaGPbrZ1l":{"chainKey":{"counter":-1,"key":"KNP2O7E9F6xrkXoCbx9mhKAVVuL9MrWz1BvlfhV9zxo="},"chainType":1,"messageKeys":{}}}}},"version":"v1"}