{"_sessions":{"Bev3BLbKqEoSndExYrucU8FIowF+q0HJhHROdXeQDdo2":{"registrationId":1011928864,"currentRatchet":{"ephemeralKeyPair":{"pubKey":"BdlZpsSKHTRDFB2LeUbl26tQ3eeY8zXQYZt/Qxm1izBy","privKey":"mD/q9Z1GYM8DSeQbdTE6j0y9u8O61F7nNX/n1JJi8mI="},"lastRemoteEphemeralKey":"BW5URiCmfV0I0a4XIkFKxh1TUoMsUoNMbGCRgW6nZFFB","previousCounter":0,"rootKey":"3ABkGnkBE40OeyPpXKRBSdwJ6tcTIYBQ6MUU8sUkiv0="},"indexInfo":{"baseKey":"Bev3BLbKqEoSndExYrucU8FIowF+q0HJhHROdXeQDdo2","baseKeyType":2,"closed":-1,"used":1757131049157,"created":1757131049157,"remoteIdentityKey":"Bbi4a6OJ+uqE936+CQCZhlUekf+qwx6H10YF1N5VQTwh"},"_chains":{"BW5URiCmfV0I0a4XIkFKxh1TUoMsUoNMbGCRgW6nZFFB":{"chainKey":{"counter":0,"key":"AJ/VsBx5MspizZ6o8qFw22yxpCwMt0IM7j9GHkM3hhE="},"chainType":2,"messageKeys":{}},"BdlZpsSKHTRDFB2LeUbl26tQ3eeY8zXQYZt/Qxm1izBy":{"chainKey":{"counter":-1,"key":"iS/yaoJAhFQNnUXtNx0YJG/Uc1OBV5kGJ/AWZ3SJEGc="},"chainType":1,"messageKeys":{}}}}},"version":"v1"}