{"_sessions":{"BTHqce2gR8PJK5O2H5eHQxL9tdqQGQ1LxAeMEXoaW2p/":{"registrationId":383446101,"currentRatchet":{"ephemeralKeyPair":{"pubKey":"BRknobPl6mRutUwuDXzrctvSKytD79Cqnk2MAc44+vg3","privKey":"MFr2IqsfZZgRkoH0bMM9VDwJdLUoNbW6p27hkFSzo0k="},"lastRemoteEphemeralKey":"BaxEK7ZIQHkaaQ2qRB+yN95qs0oV2Chju//sZgiu9rtr","previousCounter":0,"rootKey":"h6xOaJDPbD/kQ+IeSedEJGtPN1uaLlzWuFMhfpV1FM0="},"indexInfo":{"baseKey":"BTHqce2gR8PJK5O2H5eHQxL9tdqQGQ1LxAeMEXoaW2p/","baseKeyType":2,"closed":-1,"used":1757131049238,"created":1757131049238,"remoteIdentityKey":"BWmHodpDgFqf2LH1zK4BRLiEcef32pMdNneuuYI8PCpt"},"_chains":{"BaxEK7ZIQHkaaQ2qRB+yN95qs0oV2Chju//sZgiu9rtr":{"chainKey":{"counter":4,"key":"5koHi777FrdlmSldIQYpYQsK70XUtOwmUyeajB8M25A="},"chainType":2,"messageKeys":{}},"BRknobPl6mRutUwuDXzrctvSKytD79Cqnk2MAc44+vg3":{"chainKey":{"counter":-1,"key":"TWmKxfwHpLqY9grgX0g4iWQnD4dAoD0aBpJ266JES4U="},"chainType":1,"messageKeys":{}}}}},"version":"v1"}