{"_sessions":{"BbAL5pJL5gKfGwdAzSWNcDFaq4SHzzCcJZE82xwl2tFp":{"registrationId":995342855,"currentRatchet":{"ephemeralKeyPair":{"pubKey":"BcjhPlwUFQUxidVnweY+S+0Ja5OtbCQhNn4U0FlfhiFh","privKey":"eCoIlg09/5YBBvbXY/0gHA24RQgNdqULwwcCp1z1wEs="},"lastRemoteEphemeralKey":"BXas9Qcq8KBYPW2NTekSJkH396HsiyNM81yg4D9XW7Ar","previousCounter":0,"rootKey":"cWj3YsByFW98sRZRXdsJcQ5ZOHi5O5Wybc0BEsJBX3Y="},"indexInfo":{"baseKey":"BbAL5pJL5gKfGwdAzSWNcDFaq4SHzzCcJZE82xwl2tFp","baseKeyType":2,"closed":-1,"used":1757131075025,"created":1757131075025,"remoteIdentityKey":"BawB2Xb6f1tgLNkUN9Qb4gFCczg69vZIZaDsaDOCsGRH"},"_chains":{"BXas9Qcq8KBYPW2NTekSJkH396HsiyNM81yg4D9XW7Ar":{"chainKey":{"counter":0,"key":"YfHn3Q5msi5ZAEuJNMGy1JQjELloqBiYBScpmfw8lrw="},"chainType":2,"messageKeys":{}},"BcjhPlwUFQUxidVnweY+S+0Ja5OtbCQhNn4U0FlfhiFh":{"chainKey":{"counter":-1,"key":"PYLvv7LlmJmD3oC8Gg55M5avXs/7BPM6WARheXSXIOg="},"chainType":1,"messageKeys":{}}}}},"version":"v1"}