{"_sessions":{"Bd+eRntWDjQCE5NshKSBowRJr8mZlM+bYlQhaYQ8Zo8j":{"registrationId":1771106953,"currentRatchet":{"ephemeralKeyPair":{"pubKey":"BbN8Vov8toO7q2zeHwxd7nw7TAino6PmcQ5BnMIoV9I7","privKey":"sDjPFLJS4LFJRWbADT/pAI948/+vBn4sXYpA9UF/ylk="},"lastRemoteEphemeralKey":"BYOy/82zYcST1TJ8KHSlOu1+nfQva8upWaW9BjKwBVAT","previousCounter":0,"rootKey":"u0NQjioUXpLbC3T/aaJXFuFOc44Xy3AH3qjtYjj8+Cw="},"indexInfo":{"baseKey":"Bd+eRntWDjQCE5NshKSBowRJr8mZlM+bYlQhaYQ8Zo8j","baseKeyType":2,"closed":-1,"used":1757093907097,"created":1757093907097,"remoteIdentityKey":"BYogsENllHl0W6gNi81KzU2kC70kqtyLdX3Um2aiu/BM"},"_chains":{"BYOy/82zYcST1TJ8KHSlOu1+nfQva8upWaW9BjKwBVAT":{"chainKey":{"counter":1,"key":"fRxnkawRB2mrxWaVydrh1EQszJb4dIxt6vnViyaroa0="},"chainType":2,"messageKeys":{}},"BbN8Vov8toO7q2zeHwxd7nw7TAino6PmcQ5BnMIoV9I7":{"chainKey":{"counter":-1,"key":"wxbNyNMzDazGWKU4Ak6dglF2OhAZQAdvuG5sLCfFV+M="},"chainType":1,"messageKeys":{}}}}},"version":"v1"}