{"_sessions":{"BSG+fTR1zD5cPkHtfso/Xx2CTJpc0ZmB3Z0lorUksU80":{"registrationId":251,"currentRatchet":{"ephemeralKeyPair":{"pubKey":"BZ1BnjHJxo75QNdTHGXmibXsbX3mA7LUhNGh6g1A4p4m","privKey":"oHfhW1eIQ5cMPbOY94ysBbWjey+Bl7/heMxAA0o+q20="},"lastRemoteEphemeralKey":"BXRwDgLvgsuAHR4I70JVlJbisY0XQbRAcYvnd2u//cJc","previousCounter":0,"rootKey":"XSUKNhnxHi4GB0GfXtuZPKYJ5aLcgxaB2zL+5fT0M+M="},"indexInfo":{"baseKey":"BSG+fTR1zD5cPkHtfso/Xx2CTJpc0ZmB3Z0lorUksU80","baseKeyType":2,"closed":-1,"used":1757131054408,"created":1757131054408,"remoteIdentityKey":"BTzbQOdW8LxKO5wRHeSGIfHXfcYCrtFBrnKmKmd+0WEx"},"_chains":{"BXRwDgLvgsuAHR4I70JVlJbisY0XQbRAcYvnd2u//cJc":{"chainKey":{"counter":0,"key":"OrMH/r4SByJ+N3xsGBzGvMS3dcjCTYPNwQr0jANhtag="},"chainType":2,"messageKeys":{}},"BZ1BnjHJxo75QNdTHGXmibXsbX3mA7LUhNGh6g1A4p4m":{"chainKey":{"counter":0,"key":"M2IN7EkshcIj4ddi+QLiKpa7AICEkbgiMIrBO7o1ctQ="},"chainType":1,"messageKeys":{}}}}},"version":"v1"}