{"_sessions":{"BUU9gbK+XBKRhqlIM2wBEE446xqeQpuUx79fvPcCg1Ym":{"registrationId":1353158051,"currentRatchet":{"ephemeralKeyPair":{"pubKey":"BSKX96Kei2LrBg5PdBDZT/W055vfENqTYFRZIOADljRp","privKey":"WHgXq8VqYfcgWZHT7QSkC/lHyto3QoA9OHVrv77SGWg="},"lastRemoteEphemeralKey":"BVOe5aaClQw3cH20Htl7Zqdd5JaiQgxQgRALx3dCDV4D","previousCounter":0,"rootKey":"oGRtZE3Qx2b+wYK3PkVGcp9OymG3tGAkI+XOIJTagE8="},"indexInfo":{"baseKey":"BUU9gbK+XBKRhqlIM2wBEE446xqeQpuUx79fvPcCg1Ym","baseKeyType":2,"closed":-1,"used":1757131085228,"created":1757131085228,"remoteIdentityKey":"BQLLW8hAmnG7ZEkt+yswZY/EAZnPmL7S4O0FxK63rQR7"},"_chains":{"BVOe5aaClQw3cH20Htl7Zqdd5JaiQgxQgRALx3dCDV4D":{"chainKey":{"counter":0,"key":"+n9bXANGUCtsU58StrwqFXH4dXtSqGsjLgwiaWK3YUk="},"chainType":2,"messageKeys":{}},"BSKX96Kei2LrBg5PdBDZT/W055vfENqTYFRZIOADljRp":{"chainKey":{"counter":-1,"key":"aiY2N9zNQV6/Ll9Qy1RDhUhX+MB3hEAa1z0ty0RgUkA="},"chainType":1,"messageKeys":{}}}}},"version":"v1"}