{"_sessions":{"BRtT8EfXcllPaGP6bLeLQwJjhTWDmyoWGsxpnYdsLdZ5":{"registrationId":268478670,"currentRatchet":{"ephemeralKeyPair":{"pubKey":"BaL6mvM52B8jVg2Wwvcqoijwo0T90WU93Lm9FEfzhx4G","privKey":"cNcqQIWQpn36CC0xw6AO0hZhGjUVBP69rHtTSXJhNm8="},"lastRemoteEphemeralKey":"BWOeegZd7LrhLgxAcfy+dnJKRnSugE8YYXlMFvQVMghQ","previousCounter":0,"rootKey":"36wEUaiFbl1vY9xPCcHCzWgKTkEEXen3hBXcQemja14="},"indexInfo":{"baseKey":"BRtT8EfXcllPaGP6bLeLQwJjhTWDmyoWGsxpnYdsLdZ5","baseKeyType":2,"closed":-1,"used":1757131064620,"created":1757131064620,"remoteIdentityKey":"BaTSo3gynUp4+OB3bh3U4osO5XWI0AbxgL/jskkkA5oh"},"_chains":{"BWOeegZd7LrhLgxAcfy+dnJKRnSugE8YYXlMFvQVMghQ":{"chainKey":{"counter":1,"key":"w7E6+rPKtKNkrKg7Muu305qO7TSzDxEqsOzdZpHInX4="},"chainType":2,"messageKeys":{}},"BaL6mvM52B8jVg2Wwvcqoijwo0T90WU93Lm9FEfzhx4G":{"chainKey":{"counter":-1,"key":"KgVN46JeCBFOGNB54dzYYvwhNnn3C62Jw9+fxBm9oEY="},"chainType":1,"messageKeys":{}}}}},"version":"v1"}