{"_sessions":{"BTBtH8qkoFk8eTJN3lyG8J66XbTmKCQ+u8Te+hyad7Qp":{"registrationId":1709360956,"currentRatchet":{"ephemeralKeyPair":{"pubKey":"BUzVWFNsgSHjAt9zW3z4nu6LEuXnNa+F/A/Wa/tKsFZV","privKey":"eOGRUW7f4RGVMKftbLFdZ+YbuZDgOztEU+iCHBVRQ2I="},"lastRemoteEphemeralKey":"Bbe+rq3ib005qv5qtRCS3QqOPlVM35b5DeEl2LhP2YM0","previousCounter":0,"rootKey":"Howar99YYvd0qHIWgZWccxQt9pTAlws0ICWgBJee/8I="},"indexInfo":{"baseKey":"BTBtH8qkoFk8eTJN3lyG8J66XbTmKCQ+u8Te+hyad7Qp","baseKeyType":2,"closed":-1,"used":1757131084588,"created":1757131084588,"remoteIdentityKey":"BafaeNp/vurP3KxtpxQomYJZbojLk0hN4by1GQ4Q7GwL"},"_chains":{"Bbe+rq3ib005qv5qtRCS3QqOPlVM35b5DeEl2LhP2YM0":{"chainKey":{"counter":0,"key":"r6BB2TAVn44lcEp5oSUwopq2sF8pc3MzuT3mIIRdMT4="},"chainType":2,"messageKeys":{}},"BUzVWFNsgSHjAt9zW3z4nu6LEuXnNa+F/A/Wa/tKsFZV":{"chainKey":{"counter":-1,"key":"lsDAfwaCMun4QlKL271WWxx61r/IPTNtcFoDDYbFLG4="},"chainType":1,"messageKeys":{}}}}},"version":"v1"}