{"_sessions":{"BS/gTEPj87BrhG6xbXy6zDHexYNUjRCYl6p5er0cnAIU":{"registrationId":196111743,"currentRatchet":{"ephemeralKeyPair":{"pubKey":"BQszm9YW3RepnFh5kunJJjrOtursYHR8UrUSBPYM+fws","privKey":"kBCB3hW7rHsAq4uZtxdGJJV1EbflIf25X3BXemPcZXY="},"lastRemoteEphemeralKey":"BfB0uf4YpFJSlCDF6+9Mt3UsYQnbpBUTu3K+1GMAZIgp","previousCounter":0,"rootKey":"vZxHzhTdJSWdw5C5Jt/IP2t0/BocSzMK2GX729lrT9M="},"indexInfo":{"baseKey":"BS/gTEPj87BrhG6xbXy6zDHexYNUjRCYl6p5er0cnAIU","baseKeyType":2,"closed":-1,"used":1757132189638,"created":1757132189638,"remoteIdentityKey":"BSym5yQAYRedr4f++I5CXclmQKyvVwUaRnhVr/PCGl1c"},"_chains":{"BfB0uf4YpFJSlCDF6+9Mt3UsYQnbpBUTu3K+1GMAZIgp":{"chainKey":{"counter":0,"key":"JKH6MAjf6TtVUF5wrUUXmIueJTYp7ozta+wDn+O4zYs="},"chainType":2,"messageKeys":{}},"BQszm9YW3RepnFh5kunJJjrOtursYHR8UrUSBPYM+fws":{"chainKey":{"counter":-1,"key":"O5UscPLFxNI/7BttBBw1bdIgrfMznIMMgTzNY53RZpc="},"chainType":1,"messageKeys":{}}}}},"version":"v1"}