{"_sessions":{"BUnXYbnV2rR0unxulFDnN/heN18ttrwHl0gdh3xPHiok":{"registrationId":1025335100,"currentRatchet":{"ephemeralKeyPair":{"pubKey":"BfWsyRSJZMB833/V5vK9tVaArp1gZwYtIJxU8pSNctlU","privKey":"CELtayFMVPRR4jJBVch0d7RZJAQly5CDoHDIYUWHVmY="},"lastRemoteEphemeralKey":"Bdjkxi4AXtFMt3EtPiemphYHMDGR3YFP6JcQGXj2k0F3","previousCounter":0,"rootKey":"PGZ7qtNVuQGDh/d7w3uDC+E4avdENbXj6iWm3FwloOs="},"indexInfo":{"baseKey":"BUnXYbnV2rR0unxulFDnN/heN18ttrwHl0gdh3xPHiok","baseKeyType":1,"closed":-1,"used":1757132208054,"created":1757089824593,"remoteIdentityKey":"BQwsrpox+umgIljweO8V9WGL+j61DZZCYM/BrmKHDElM"},"_chains":{"Bdjkxi4AXtFMt3EtPiemphYHMDGR3YFP6JcQGXj2k0F3":{"chainKey":{"counter":0,"key":"c/pJAVMNFIY7SN8KHu1whNeUbN6SyU61Tb1jF1XaW2I="},"chainType":2,"messageKeys":{}},"BfWsyRSJZMB833/V5vK9tVaArp1gZwYtIJxU8pSNctlU":{"chainKey":{"counter":-1,"key":"hq3vLOVT5G60P1POf+M+JI9dxhJ0Lkdrs3gLIP+d+NM="},"chainType":1,"messageKeys":{}}}}},"version":"v1"}