{"_sessions":{"BSq16Awg9yluX6WtXB/XkI6jsGHXJg0oC3pNRSKI7JBN":{"registrationId":1275411165,"currentRatchet":{"ephemeralKeyPair":{"pubKey":"BaD0KRX8a61P197BACg1+wYPaQnFDVuTpfreNrT5wLlC","privKey":"mIFG+SB8eiDR5KoWOKW7yKGkal1Qt8USEoe1lxvgYEY="},"lastRemoteEphemeralKey":"BZYe2tdVj3roa9SzhkUKy+3i3CGD4i37FCfzfbhmpklr","previousCounter":0,"rootKey":"USUyLpYpQcEdELEhtTRBA+cSyD4WqIoWkJNLzAkBpuk="},"indexInfo":{"baseKey":"BSq16Awg9yluX6WtXB/XkI6jsGHXJg0oC3pNRSKI7JBN","baseKeyType":2,"closed":-1,"used":1757131049276,"created":1757131049276,"remoteIdentityKey":"BfW1UiauAT3E4C3IRpxuEIuhF8VXbkXxussvt9HBsjMF"},"_chains":{"BZYe2tdVj3roa9SzhkUKy+3i3CGD4i37FCfzfbhmpklr":{"chainKey":{"counter":0,"key":"hgAV8/QpHqUk+/TGPdJYxl+KySep4NVERkLSxzr5L+8="},"chainType":2,"messageKeys":{}},"BaD0KRX8a61P197BACg1+wYPaQnFDVuTpfreNrT5wLlC":{"chainKey":{"counter":-1,"key":"prcQSvQqfvhRZPTxv7rVXbpi/J0SI7QasnQB0Vh4oG0="},"chainType":1,"messageKeys":{}}}}},"version":"v1"}