{"_sessions":{"BWILUbLuTasjRhPxw0hd07pOtUu8JB5exqA1RKcXHIUZ":{"registrationId":1449674449,"currentRatchet":{"ephemeralKeyPair":{"pubKey":"BYgY1UdP3gPsIB2F/dpZ2MYQsRWp+0efQilLJwU8QWkX","privKey":"kJzZDYdgSmqbEsziDwu2AnC/PpjnmrUyeM7N9irEkHE="},"lastRemoteEphemeralKey":"Ba3l6tGpVYxed/Z7fTxKYsDLe4Wr7BhpAFVXTg7I7/00","previousCounter":0,"rootKey":"zbwwVB4rDKatYzG4YmiSHyH6Mu9tlteJ4mhgsxSafaU="},"indexInfo":{"baseKey":"BWILUbLuTasjRhPxw0hd07pOtUu8JB5exqA1RKcXHIUZ","baseKeyType":2,"closed":-1,"used":1757131049179,"created":1757131049179,"remoteIdentityKey":"BdJSsbX5LkZ+O6ETIgzigeiWzRTrLCn1N7FIEfNFZZlc"},"_chains":{"Ba3l6tGpVYxed/Z7fTxKYsDLe4Wr7BhpAFVXTg7I7/00":{"chainKey":{"counter":0,"key":"DcSHvTMbnLN5W4JTlWkoGzLHmdW3Zhvc3CcFF/nzRqw="},"chainType":2,"messageKeys":{}},"BYgY1UdP3gPsIB2F/dpZ2MYQsRWp+0efQilLJwU8QWkX":{"chainKey":{"counter":-1,"key":"V8UivHBj8uP0iWs8OiCTW3WqYGRX5FGhNH7Bsov0E5Q="},"chainType":1,"messageKeys":{}}}}},"version":"v1"}