{"_sessions":{"BWTgk/BaaHKkXC2ugbBaQFjiD/9aWkjDkhDl2ov3cWoz":{"registrationId":1059988378,"currentRatchet":{"ephemeralKeyPair":{"pubKey":"BSugcT5iDSVc1v7MUavv5xxWwSqanu3VtRgpFflpXG0o","privKey":"4DqJfN3kfub09Z45iuApiwVIc0js9fCLtD8gBihPiUs="},"lastRemoteEphemeralKey":"BSA+/E8BUzMpXDJ3PNOz3V6csIY9/r2rY730qGOGvgwi","previousCounter":0,"rootKey":"1gx0jGLJqfH7BiaXj6GAy32l2ajWFVzO3Nf1xD523tY="},"indexInfo":{"baseKey":"BWTgk/BaaHKkXC2ugbBaQFjiD/9aWkjDkhDl2ov3cWoz","baseKeyType":2,"closed":-1,"used":1757131049227,"created":1757131049227,"remoteIdentityKey":"BZRge0k0WkIFMEOMWi5PCgTnZc0PWBey7rpz5B5uIfh7"},"_chains":{"BSA+/E8BUzMpXDJ3PNOz3V6csIY9/r2rY730qGOGvgwi":{"chainKey":{"counter":0,"key":"p9tXu4fAaSQ9akY1kWHRXaDcXUYdY8nFzqcl24JKMYc="},"chainType":2,"messageKeys":{}},"BSugcT5iDSVc1v7MUavv5xxWwSqanu3VtRgpFflpXG0o":{"chainKey":{"counter":-1,"key":"37ujnI27C+FkTK6A0lQfygLeSDTA4cqBp2ffuIK5S00="},"chainType":1,"messageKeys":{}}}}},"version":"v1"}