{"_sessions":{"BYGZ9mOabIBOsu/RkmpQz9Qh67/HqFSZRbqYksxlA0oj":{"registrationId":1326471318,"currentRatchet":{"ephemeralKeyPair":{"pubKey":"BV8+SGblUlcDucWHezfd4EhZwVMPC8K31DKL4CjxTmdM","privKey":"YFf4dx6rXj2SKWmFkXXdlenmzYYGoW9QpwyzZIKhJk0="},"lastRemoteEphemeralKey":"BYHRta5MfFI8FeZJjCZKTgn8RRlPE+Z4znLqKbJ32ZUh","previousCounter":0,"rootKey":"s+wVBnNLt6ja1aRXeE+KRu/3JCQL5rLd5x4dYSh+/sw="},"indexInfo":{"baseKey":"BYGZ9mOabIBOsu/RkmpQz9Qh67/HqFSZRbqYksxlA0oj","baseKeyType":2,"closed":-1,"used":1757131049141,"created":1757131049141,"remoteIdentityKey":"BeM19a2RXE8GkQZ6VWnv71neEk+LhWnn/+7ocqAQSGx4"},"_chains":{"BYHRta5MfFI8FeZJjCZKTgn8RRlPE+Z4znLqKbJ32ZUh":{"chainKey":{"counter":1,"key":"6bEicx9gXF88sL0JnvafDM+Q0b9BNqIyDf+KOo5aFWo="},"chainType":2,"messageKeys":{}},"BV8+SGblUlcDucWHezfd4EhZwVMPC8K31DKL4CjxTmdM":{"chainKey":{"counter":-1,"key":"9fFnt9jmwc+w+WUyKorVezbeTsLa6SkT4ZkIoUA6uMI="},"chainType":1,"messageKeys":{}}}}},"version":"v1"}