{"_sessions":{"BcMxIQj163Ofty8RXsYixcXnPJobe2RWJ0h/OF4RQN59":{"registrationId":699286270,"currentRatchet":{"ephemeralKeyPair":{"pubKey":"BaGwCCTkoqJ9q9nfrb863R8EURPAr7QXTybfaKXEo6JK","privKey":"4OjLzHRFbJ9h3ZvBW5CjhlXCMR6QG5Uk+vi1G+Udqms="},"lastRemoteEphemeralKey":"BQeoLaEf6GH8gg00YvfH4+yTQqRuY146d5MuYSE8dgtv","previousCounter":0,"rootKey":"8EKtr48qCON6S9F9iemJsK2TJcjeese/mbTXuWOninw="},"indexInfo":{"baseKey":"BcMxIQj163Ofty8RXsYixcXnPJobe2RWJ0h/OF4RQN59","baseKeyType":2,"closed":-1,"used":1757132193263,"created":1757089485540,"remoteIdentityKey":"BUBEKhR//9gU9+73vD18NMY50U0zagj6mih/2pr3G90E"},"_chains":{"BUmzTeMO6iywFzdG7HQsW2QnntvDjAnagcyr6ZTOYvJe":{"chainKey":{"counter":9},"chainType":2,"messageKeys":{}},"BQeoLaEf6GH8gg00YvfH4+yTQqRuY146d5MuYSE8dgtv":{"chainKey":{"counter":7,"key":"9yfbOUPBtpul3rFhu1EpRbi/p2R5i5Jjz8Gv/QZVSUc="},"chainType":2,"messageKeys":{}},"BaGwCCTkoqJ9q9nfrb863R8EURPAr7QXTybfaKXEo6JK":{"chainKey":{"counter":-1,"key":"RskVuggXEkLQFFT0p2cGJlrOLW9ndvByMYiZm/FupLo="},"chainType":1,"messageKeys":{}}}}},"version":"v1"}