{"_sessions":{"Be/ztl3JKHt0lsVLpyll96k/MOqS4uP0OSIDafkVbLR5":{"registrationId":3550,"currentRatchet":{"ephemeralKeyPair":{"pubKey":"BagOk+cuoZvO4BDfCElonPXDHoIxNmu51ncOVWfvMPZ5","privKey":"yBk23LFohn7oPb7LHCG6HF5h4uYPhm3Y/VL/pyo5d0Y="},"lastRemoteEphemeralKey":"BZlyiWTpA9Lp3T7DyWAIEe9eZK47ov8tECi3EUNveWRI","previousCounter":0,"rootKey":"f9QvBuuVZjRbFxhd1Va2NVmChUdTKJP39kgSSvlDIPo="},"indexInfo":{"baseKey":"Be/ztl3JKHt0lsVLpyll96k/MOqS4uP0OSIDafkVbLR5","baseKeyType":2,"closed":-1,"used":1757090252441,"created":1757090252441,"remoteIdentityKey":"BdEkKWVVYRIIsTJIpxLioyp/hcUVlQF1uWGSG5sLDD0u"},"_chains":{"BZlyiWTpA9Lp3T7DyWAIEe9eZK47ov8tECi3EUNveWRI":{"chainKey":{"counter":1,"key":"JIfRHHS0rUudvlEi6ufWBukeKkfgTCfH+JKUdRzF+8s="},"chainType":2,"messageKeys":{}},"BagOk+cuoZvO4BDfCElonPXDHoIxNmu51ncOVWfvMPZ5":{"chainKey":{"counter":0,"key":"WhkI7DVA9n48gh143+Skqdmalbyx06nfckFES4qepBc="},"chainType":1,"messageKeys":{}}}}},"version":"v1"}