{"_sessions":{"BY+7zHVN7h/W9xfKC4LlVLCnWpG63SSDUBbeGhTgkTJN":{"registrationId":179720742,"currentRatchet":{"ephemeralKeyPair":{"pubKey":"BSgCjqJS7RHZnr0SEU742FeRLKF0MNheuxv8oNwntKsv","privKey":"aK4sMRO1msshkY0h2+H90F1/wTUMaVq0G3911eV7xWc="},"lastRemoteEphemeralKey":"BZKZ78RaaVlL9y/WF6jK/qKB98ws4KIyML7+XcQLYqoq","previousCounter":0,"rootKey":"KboPuHBxsVdUdwF0TA3/l5YbTTxLC3jmh93uUpX+Z7c="},"indexInfo":{"baseKey":"BY+7zHVN7h/W9xfKC4LlVLCnWpG63SSDUBbeGhTgkTJN","baseKeyType":2,"closed":-1,"used":1757131049321,"created":1757131049321,"remoteIdentityKey":"BZaFwvMj1lHLW6N7mn4j8zZIfCvjRNn0LvrSnof8kjwJ"},"_chains":{"BZKZ78RaaVlL9y/WF6jK/qKB98ws4KIyML7+XcQLYqoq":{"chainKey":{"counter":0,"key":"B+Mo2hoW42gi7PttAuMR1+CsmMeIkfkeayg5Fsa+wwk="},"chainType":2,"messageKeys":{}},"BSgCjqJS7RHZnr0SEU742FeRLKF0MNheuxv8oNwntKsv":{"chainKey":{"counter":-1,"key":"M77gLoP3YJtC5dNJmQadRN7xleC87QQ4P+xdZo5QXWo="},"chainType":1,"messageKeys":{}}}}},"version":"v1"}