{"_sessions":{"BbLULab88QZ/WZnhfD7xPhfEKxyPE73b/mdXGaZdA6kH":{"registrationId":1842995230,"currentRatchet":{"ephemeralKeyPair":{"pubKey":"BYpdL3MO8tvEv6ghJKQbMsDtbR6R2bsIj12VGCHgMuB2","privKey":"ICWI5lwzL4C414AyeJ104LH5JGMJK/Dkv4Hz+2dGOXc="},"lastRemoteEphemeralKey":"BWFSB0jIsHNByHAdzwAY70DdMtS8yFLyRReACoMDSXpR","previousCounter":0,"rootKey":"ODKs+xLTVRKFPTQ4mW0SlYWMFlSTbuiuK4f4epy+XtM="},"indexInfo":{"baseKey":"BbLULab88QZ/WZnhfD7xPhfEKxyPE73b/mdXGaZdA6kH","baseKeyType":2,"closed":-1,"used":1757094942314,"created":1757094942314,"remoteIdentityKey":"Be+Z4yazVMqUfW85u7IU4TZsdeLs4eqGRUh5QSDqwYZ3"},"_chains":{"BWFSB0jIsHNByHAdzwAY70DdMtS8yFLyRReACoMDSXpR":{"chainKey":{"counter":0,"key":"mVqvGGZEGN5mnaOQ2jNnwgrEyAWory5iWn89TiB4MGs="},"chainType":2,"messageKeys":{}},"BYpdL3MO8tvEv6ghJKQbMsDtbR6R2bsIj12VGCHgMuB2":{"chainKey":{"counter":-1,"key":"14/UnJQ7KblR6oAIlzN9JAJvpO5Ijo7K76rZZc5syL8="},"chainType":1,"messageKeys":{}}}}},"version":"v1"}