{"_sessions":{"Ba9UTu9adMrLAg/7He8MfQgCXPvU4YdafhNwuZAB69UZ":{"registrationId":2138640480,"currentRatchet":{"ephemeralKeyPair":{"pubKey":"BS8Tl6pXOOjalbdGRggu34sATMkcRdf0OuMISZ10Mbga","privKey":"ULNsE+lKaDIfNcbdSI6YCLbcS0zCWL1bk7U6iugyOlM="},"lastRemoteEphemeralKey":"BVXCXi9X+Wm29dIlwG+xzDPvvY7yltRYuZPaRxCKs9ZU","previousCounter":0,"rootKey":"+fDDUNZXejPXn2OravyUqgEnvgz9AAxccuMOPY6DGX0="},"indexInfo":{"baseKey":"Ba9UTu9adMrLAg/7He8MfQgCXPvU4YdafhNwuZAB69UZ","baseKeyType":2,"closed":-1,"used":1757094861061,"created":1757094861061,"remoteIdentityKey":"BYnJYkUzNeZAeFQpvFcG2aZJ1J5CpArpNopMJvmnqb1s"},"_chains":{"BVXCXi9X+Wm29dIlwG+xzDPvvY7yltRYuZPaRxCKs9ZU":{"chainKey":{"counter":1,"key":"SxfjUYnGwyAYOHRbHe9bvhEVh0o+4b5Qt41ry0QirF0="},"chainType":2,"messageKeys":{"0":"PZKjJaprZpYVFrboHmEkKnMmVzWSKAFHVPdVKSOT820="}},"BS8Tl6pXOOjalbdGRggu34sATMkcRdf0OuMISZ10Mbga":{"chainKey":{"counter":-1,"key":"5TckT9bw6gEKyG/q2ggPSd6odm8QgOP4shDlUsRhi+U="},"chainType":1,"messageKeys":{}}}}},"version":"v1"}