{"_sessions":{"BeGteA4wSi2IEqtGzMgFKKY00NfIGdLoACrAVI8PIsha":{"registrationId":1972557418,"currentRatchet":{"ephemeralKeyPair":{"pubKey":"BRsxvzJgiFzalofefoa3iCcHEgeAW8VgBBfleyV/MNxG","privKey":"qNY+fMYPNFZ0lOT9NcRIq7u67PUuT2MKZlvCi2u7xXE="},"lastRemoteEphemeralKey":"BVjqhmGLKjTYEyLIfZf7hcWZ2/UF6E60x6i9z5+IvZIm","previousCounter":0,"rootKey":"JwtHiSFRTE35kFir8+czvdCxv6vp75dhwhk00Earwv4="},"indexInfo":{"baseKey":"BeGteA4wSi2IEqtGzMgFKKY00NfIGdLoACrAVI8PIsha","baseKeyType":2,"closed":-1,"used":1757131049166,"created":1757131049166,"remoteIdentityKey":"Bd3TbS2RpsKrvTJUsCWTewJM1Hermi2ExWXBPn/udIhG"},"_chains":{"BVjqhmGLKjTYEyLIfZf7hcWZ2/UF6E60x6i9z5+IvZIm":{"chainKey":{"counter":2,"key":"S7QEu04YIaFZl4b+CUcfFRFOeiom/E2DX/2HcJzpej8="},"chainType":2,"messageKeys":{}},"BRsxvzJgiFzalofefoa3iCcHEgeAW8VgBBfleyV/MNxG":{"chainKey":{"counter":-1,"key":"EitB3rQU8utOvnPlpwSxeffSGzcWQnfvJ4O1DfRTZlA="},"chainType":1,"messageKeys":{}}}}},"version":"v1"}