{"_sessions":{"BTxgLnKMZT8ybpaFZWRDoXKUVD2zyjgHNrg3HRXK8j98":{"registrationId":14356,"currentRatchet":{"ephemeralKeyPair":{"pubKey":"BY7/jY73LVlYx14IigtDo4zMe9zX/l3Ehvo43su+iSBU","privKey":"YJykU6mafJljSODyTeWnvF1O9V2U0+En/0CUmGP2V00="},"lastRemoteEphemeralKey":"BW+blcAT7EKes37ylw7+PvOvJZKmNgGYPtjndhRDGy4d","previousCounter":0,"rootKey":"egOAWotg+Q8RLff8yNz/6zuShiXf50F21Tl3jSj4iOU="},"indexInfo":{"baseKey":"BTxgLnKMZT8ybpaFZWRDoXKUVD2zyjgHNrg3HRXK8j98","baseKeyType":1,"closed":-1,"used":1757089824597,"created":1757089824597,"remoteIdentityKey":"BfXUKRp9rH9l9j0aA/S2Pr2fbUWu2cP5oxVEbA7HYa9c"},"_chains":{"BY7/jY73LVlYx14IigtDo4zMe9zX/l3Ehvo43su+iSBU":{"chainKey":{"counter":0,"key":"3M32kGC8f14eeudNww+UXgYWklMRrERl80Gar04ztGg="},"chainType":1,"messageKeys":{}}},"pendingPreKey":{"signedKeyId":1,"baseKey":"BTxgLnKMZT8ybpaFZWRDoXKUVD2zyjgHNrg3HRXK8j98","preKeyId":457}}},"version":"v1"}