{"_sessions":{"BWVoQh4KSZo9R+JEhd5ufoszblEgXrpmSWxfwlI/Ol4u":{"registrationId":1801604101,"currentRatchet":{"ephemeralKeyPair":{"pubKey":"BbZ0KnLUn1tFKRFXWWetuQYF4Pvu/SCZI2C6VvsDbUQu","privKey":"WMJxM7nspFPHokEep0eN9BCLho945plcWu+lI3/1G1Q="},"lastRemoteEphemeralKey":"BaJ3Xl0DJSsbqpr3UXC6Hc0X42hHmVG6FWrkx20V5KA2","previousCounter":0,"rootKey":"7+be2usCZ3c06TemzNArKTzdJAGBz3w+nR4ptRy9uBI="},"indexInfo":{"baseKey":"BWVoQh4KSZo9R+JEhd5ufoszblEgXrpmSWxfwlI/Ol4u","baseKeyType":2,"closed":-1,"used":1757132201423,"created":1757132201423,"remoteIdentityKey":"BUzZI0/ETxKci78U1H9vTcscyYswX1BRh4bUdZpdENVO"},"_chains":{"BaJ3Xl0DJSsbqpr3UXC6Hc0X42hHmVG6FWrkx20V5KA2":{"chainKey":{"counter":0,"key":"tqObHR1p+B18jlZGNiDoh/3uW20BpDQfe6Q+Ya5vbd4="},"chainType":2,"messageKeys":{}},"BbZ0KnLUn1tFKRFXWWetuQYF4Pvu/SCZI2C6VvsDbUQu":{"chainKey":{"counter":-1,"key":"Umen+0ykcSHt7xbIAVQxeHs5QQfZVr1ROqHnreOK9ys="},"chainType":1,"messageKeys":{}}}}},"version":"v1"}