{"_sessions":{"BZa81BdioyQvhWSF2/XZrTJlCD3ZbGAMiJ2QKvAN1q5p":{"registrationId":128598569,"currentRatchet":{"ephemeralKeyPair":{"pubKey":"BdkSwYXlFOr9XI6QWgaL05YvBt5wvpzL0Ai0RVyLhHAP","privKey":"oFwIVgE957Kevu9MnsT4nQIggl5J/5AT0FyT69W4h0k="},"lastRemoteEphemeralKey":"BSa/E+kHHZfEKBa7QXUhyVDabuKrWYNFeKYwXxOKs3pQ","previousCounter":0,"rootKey":"x8kkMDNz7tIkPk5zTXBG997lSCdOjSPnTC12Nr8iyGg="},"indexInfo":{"baseKey":"BZa81BdioyQvhWSF2/XZrTJlCD3ZbGAMiJ2QKvAN1q5p","baseKeyType":2,"closed":-1,"used":1757132199096,"created":1757132199096,"remoteIdentityKey":"BZAV5HvFK5AIQZW6eLcgpyk8XLdUgI+2mcYeOlEGI+YU"},"_chains":{"BSa/E+kHHZfEKBa7QXUhyVDabuKrWYNFeKYwXxOKs3pQ":{"chainKey":{"counter":0,"key":"2wLSnHLneJZBf/Vtjhn0T9qWVEJX/EMJJXbZZfCS0Ps="},"chainType":2,"messageKeys":{}},"BdkSwYXlFOr9XI6QWgaL05YvBt5wvpzL0Ai0RVyLhHAP":{"chainKey":{"counter":-1,"key":"9FL6h3ebX40j/G6DEXZphUSghE/VQqlGBaKnO/VT0Kc="},"chainType":1,"messageKeys":{}}}}},"version":"v1"}