{"_sessions":{"BbUDd/0SQQPpCWHE6dKgrnD8lY5aP3sofsZDDuXLNEgn":{"registrationId":2031897108,"currentRatchet":{"ephemeralKeyPair":{"pubKey":"BaM7mMGBmJanp9+KLjn6zLaplOh1Ey/NFitkflgPJ/AG","privKey":"yMAz7hVV7K0st73FAY01rVr3p/J5J3yENdnatwFn3Vc="},"lastRemoteEphemeralKey":"BafVqzUIGzVBAFYBzYE9fnxBKIrKAnutEcx0NRF+AmdU","previousCounter":0,"rootKey":"Pqku1DukAXCKeChxFH+H2Kgpq9OSVU3Y69EJcOFHt0E="},"indexInfo":{"baseKey":"BbUDd/0SQQPpCWHE6dKgrnD8lY5aP3sofsZDDuXLNEgn","baseKeyType":2,"closed":-1,"used":1757131049214,"created":1757131049214,"remoteIdentityKey":"BTLY0m282KkORqmTX6M884UU4WXYz4LBiQoAjFCdYXd9"},"_chains":{"BafVqzUIGzVBAFYBzYE9fnxBKIrKAnutEcx0NRF+AmdU":{"chainKey":{"counter":2,"key":"9mO2F6yBIptt5DjlPj2IqApCLwDSXdmjsQKffzgsRCc="},"chainType":2,"messageKeys":{}},"BaM7mMGBmJanp9+KLjn6zLaplOh1Ey/NFitkflgPJ/AG":{"chainKey":{"counter":-1,"key":"EBNFbo7aVwSIEMF8J3iH2MxG9Re2jPDLrLD+WCTPAvw="},"chainType":1,"messageKeys":{}}}}},"version":"v1"}