{"_sessions":{"BXppXdlEQbrrpfGgGDq2a9GphahA4ZeEtKRguMRUxjdd":{"registrationId":1873148764,"currentRatchet":{"ephemeralKeyPair":{"pubKey":"Be0dgSZhdSGT+NMo+yKt2KNU2P6/PTgb5O9jmxeuhdAQ","privKey":"OCpabVc/UYWxTHdKywFaAH8XzG5tSVgdtrCq0jNusVM="},"lastRemoteEphemeralKey":"BSYT6r8JkziMEL4n2HLjur/x2n1+SpUWMpSVlhFXgu1b","previousCounter":0,"rootKey":"gm8m78MnHR6mQb4WFm2GhMJ4sDYz5H+fvY6Bid+Y20U="},"indexInfo":{"baseKey":"BXppXdlEQbrrpfGgGDq2a9GphahA4ZeEtKRguMRUxjdd","baseKeyType":2,"closed":-1,"used":1757131049118,"created":1757131049118,"remoteIdentityKey":"BbYOibVvsLbykilKt+KvxxCC860CFYi8fR20Cg+EJEIW"},"_chains":{"BSYT6r8JkziMEL4n2HLjur/x2n1+SpUWMpSVlhFXgu1b":{"chainKey":{"counter":0,"key":"IhY+vnznyt5hA2bWPtlUPSTbzJ/TV2jbcMw0XA9i/WI="},"chainType":2,"messageKeys":{}},"Be0dgSZhdSGT+NMo+yKt2KNU2P6/PTgb5O9jmxeuhdAQ":{"chainKey":{"counter":-1,"key":"r7+Yu7HVpM2gHFDUUrd9D93yi09lNdD/WjmJB4qfaoI="},"chainType":1,"messageKeys":{}}}}},"version":"v1"}