{"_sessions":{"BffNhCRdPJZ8B9lALR2ByasYiQUN9l17DFBKnnTTLfpG":{"registrationId":1098395905,"currentRatchet":{"ephemeralKeyPair":{"pubKey":"BarjuL0Xs9vNLT9HR0983F0KYIlR0VoZET1FYAd33ap9","privKey":"oC8fmRQXXzXEbsgDH7K2xcNpt8UEowDqzA79icpbR3U="},"lastRemoteEphemeralKey":"BaDcZU2QkVOa5GijDj4bwKPY5cH2Ru/1KNRpjNSXQocz","previousCounter":0,"rootKey":"SzpeHZgkMRT2sC29y/xXM4Agjmr0mqHFHnYAXnzpjBM="},"indexInfo":{"baseKey":"BffNhCRdPJZ8B9lALR2ByasYiQUN9l17DFBKnnTTLfpG","baseKeyType":2,"closed":-1,"used":1757090546970,"created":1757090546970,"remoteIdentityKey":"BTTQdILiJGz00YWUrbhDedvwnljljzrj5NljRLDwtpos"},"_chains":{"BaDcZU2QkVOa5GijDj4bwKPY5cH2Ru/1KNRpjNSXQocz":{"chainKey":{"counter":0,"key":"S0qi+gmn8dpQQBngE8ieP+tbvYdT/PVWyFtvBGkHe0E="},"chainType":2,"messageKeys":{}},"BarjuL0Xs9vNLT9HR0983F0KYIlR0VoZET1FYAd33ap9":{"chainKey":{"counter":-1,"key":"NUz7f2igyKFNk3iowFCTIG7EHbOLkV6PPYtu/pUnmdU="},"chainType":1,"messageKeys":{}}}}},"version":"v1"}