{"_sessions":{"BWawpBX/oZuHRNsMXz77fDKeeUx9Rj3oVKTthyFS8Pcl":{"registrationId":1759082389,"currentRatchet":{"ephemeralKeyPair":{"pubKey":"BQnxLfeekMoPn3ahSOCSisKJcfPsUQ3kpeYCSFNlwFdn","privKey":"yJ5sz/hfw4Th8SB3HBFTkj/IrkruyH9VMngUSAGFfFQ="},"lastRemoteEphemeralKey":"BRb0D10Ki9+1GfITzXQkmePsyJAos8d7N+UQSQDsR1Yg","previousCounter":0,"rootKey":"tmmwn7wwoWduBeaLPVNTraarzbhM2wDjYB2ACCeLp+0="},"indexInfo":{"baseKey":"BWawpBX/oZuHRNsMXz77fDKeeUx9Rj3oVKTthyFS8Pcl","baseKeyType":2,"closed":-1,"used":1757094309908,"created":1757094309908,"remoteIdentityKey":"Bfw6X+2IJlnQux6oMHcFfJId+Rf+0V+QnfciVW6U7t0l"},"_chains":{"BRb0D10Ki9+1GfITzXQkmePsyJAos8d7N+UQSQDsR1Yg":{"chainKey":{"counter":0,"key":"57Dvc9hzM0R7cKp2NFypnI5JiiVenVs8BUMOu0JdL3k="},"chainType":2,"messageKeys":{}},"BQnxLfeekMoPn3ahSOCSisKJcfPsUQ3kpeYCSFNlwFdn":{"chainKey":{"counter":-1,"key":"ANMke4248qzGLJ/ary9iJ5qmbm/dWur29jG9pmNCBtw="},"chainType":1,"messageKeys":{}}}}},"version":"v1"}