{"_sessions":{"BZqjlYbIEpsQWpW4UgG2z0CZXj6rTE7Wdq15XdB5M0sd":{"registrationId":2086536843,"currentRatchet":{"ephemeralKeyPair":{"pubKey":"BTdXUr441WDjO4zLTVxdXF7VY8dbRLYsHbNAcZm2DWxK","privKey":"2CSBLOeD4HUzVkiJxBvsb0pUjA0ghYLwJRDbyjF2G28="},"lastRemoteEphemeralKey":"Bc5YmJkYQSqpnCapkWslwajKxOGofRi7TsVyJYaZ+I5W","previousCounter":0,"rootKey":"OJJdlVm7JMtExgaZ2/490ZylcRuKoB3wMSL/Xq5Yk88="},"indexInfo":{"baseKey":"BZqjlYbIEpsQWpW4UgG2z0CZXj6rTE7Wdq15XdB5M0sd","baseKeyType":2,"closed":-1,"used":1757095237585,"created":1757095237585,"remoteIdentityKey":"Bf7O3JLkqxN1IllhNuODY9QldrSLWgMqG728GC7TvmNU"},"_chains":{"Bc5YmJkYQSqpnCapkWslwajKxOGofRi7TsVyJYaZ+I5W":{"chainKey":{"counter":0,"key":"1y8bX755Bfyno51cWuavcPgovDScdMAWveUh2W4hQOE="},"chainType":2,"messageKeys":{}},"BTdXUr441WDjO4zLTVxdXF7VY8dbRLYsHbNAcZm2DWxK":{"chainKey":{"counter":-1,"key":"5x0lt7RVLJcJucly9b+zCBHcoxNwe+O6n01YKfzzIjM="},"chainType":1,"messageKeys":{}}}}},"version":"v1"}