{"_sessions":{"Bf5FzrxDtSOUPtgeQ+6CHva1IzoBhD7muR0d3CUFFCkI":{"registrationId":761886275,"currentRatchet":{"ephemeralKeyPair":{"pubKey":"BfYAbAGOiYprVe707DbDz4FhRXj949EU8d6I0pIzRnVT","privKey":"WKdtAJuJM/Bh4HHeHK6zg77xx+sYnNBWc5QIKHtAz0Y="},"lastRemoteEphemeralKey":"BaWzhEn+L35TmIJEaykzRHcGtoHqbVyYEbrUoopXNMAS","previousCounter":0,"rootKey":"u41KuQdUNPYb/+tSTz45ZQIz2nEc+iV/295SUYYHcRI="},"indexInfo":{"baseKey":"Bf5FzrxDtSOUPtgeQ+6CHva1IzoBhD7muR0d3CUFFCkI","baseKeyType":2,"closed":-1,"used":1757094297465,"created":1757094297465,"remoteIdentityKey":"BUeAO4m5FASIc8n7gifj4OeGyBAxViARDnFzmx5c9Gw8"},"_chains":{"BaWzhEn+L35TmIJEaykzRHcGtoHqbVyYEbrUoopXNMAS":{"chainKey":{"counter":0,"key":"6h1GNMQHD0sjuyGYKYJ63lKy0X9RlENiRannBtOPbXo="},"chainType":2,"messageKeys":{}},"BfYAbAGOiYprVe707DbDz4FhRXj949EU8d6I0pIzRnVT":{"chainKey":{"counter":-1,"key":"jm4FJXjA3tlcCy1i+pScnEd/DI7YuY9iivRVq72UgG4="},"chainType":1,"messageKeys":{}}}}},"version":"v1"}