{"_sessions":{"BbAIHKQt3WOS+XcoFlPQ16khlynNHbTmjQAGD7vVDTko":{"registrationId":1487545596,"currentRatchet":{"ephemeralKeyPair":{"pubKey":"BWVBmpxAeBtRCWhOhGOW9H4cqJ51AnnLPt7ZYnL3bs0u","privKey":"mNXuUXOZEpJAWtUWoiX2pxgpr6R+lzZlZj4qEK3Sqk4="},"lastRemoteEphemeralKey":"BUNvLnSB+oRfNa5sKhsQBtCSSqGmwhxGhIamUQ39Bmx8","previousCounter":0,"rootKey":"avO/dHFaJO1zDzvk/IHkirj4iGlei0K0aLW2dPRUvuU="},"indexInfo":{"baseKey":"BbAIHKQt3WOS+XcoFlPQ16khlynNHbTmjQAGD7vVDTko","baseKeyType":2,"closed":-1,"used":1757132189555,"created":1757132189555,"remoteIdentityKey":"BQNOoH2DOdQE7LAJDXACy5IIld0W/KRyW9HwHq8wrCpW"},"_chains":{"BUNvLnSB+oRfNa5sKhsQBtCSSqGmwhxGhIamUQ39Bmx8":{"chainKey":{"counter":0,"key":"NwI9ij2NBPTaPsDvSr12HKQa53WcEK9huW8pwci0aeE="},"chainType":2,"messageKeys":{}},"BWVBmpxAeBtRCWhOhGOW9H4cqJ51AnnLPt7ZYnL3bs0u":{"chainKey":{"counter":-1,"key":"CsQw7PGQW0ZTkH650B5N/ITtmzvYeHtsb2lGXHq/cVw="},"chainType":1,"messageKeys":{}}}}},"version":"v1"}