{"_sessions":{"BZQpoUQ6teNvITotY0jRiQMh2b51zxZMZ7ORBajOIh8S":{"registrationId":2147059008,"currentRatchet":{"ephemeralKeyPair":{"pubKey":"BXvfWGi44N4kb/RuTFo98YBDaTjbJGcrP4AFMNrLqwx2","privKey":"UHvw+NHg5gTcDowx2YOmrFXUxqzb9G26aza732jmhVM="},"lastRemoteEphemeralKey":"BdlDYl3Kq5fozN+PTG/ZIswNYFDs+N2pLLjdqt8b9Dp7","previousCounter":0,"rootKey":"xR7T7Zwz71hq3iXyseQolpPuhz6xwv8r/kTULrlpOMA="},"indexInfo":{"baseKey":"BZQpoUQ6teNvITotY0jRiQMh2b51zxZMZ7ORBajOIh8S","baseKeyType":2,"closed":-1,"used":1757132196799,"created":1757132196799,"remoteIdentityKey":"BRZJKEBLJx4xXKz7hh/YmX2iqEXTUX65E2/y96NYbbhv"},"_chains":{"BdlDYl3Kq5fozN+PTG/ZIswNYFDs+N2pLLjdqt8b9Dp7":{"chainKey":{"counter":0,"key":"PDLE8GXxviDSaXH4nqjCJ6/3+4DqaRBev78QQj7O5tg="},"chainType":2,"messageKeys":{}},"BXvfWGi44N4kb/RuTFo98YBDaTjbJGcrP4AFMNrLqwx2":{"chainKey":{"counter":-1,"key":"C+Mu8lRxZhe75CKw31/rDD81n/8+GHEF31AtPsCxGOM="},"chainType":1,"messageKeys":{}}}}},"version":"v1"}