{"_sessions":{"BWuBbixXH3YVu4kV6z7rCf4dB+yXZzvznPaeswPVQnlJ":{"registrationId":87,"currentRatchet":{"ephemeralKeyPair":{"pubKey":"BReuJPE6VEOtBa7AdP9JOKMXNsNb4FjWP1fJZMRuUnYa","privKey":"UMyiqm6Ke8dJwPczXXJg9cF4/gXKAnDv+xRxiTSzEVY="},"lastRemoteEphemeralKey":"BY9QHi/N4PBkx0ZnDYg7vBcppNM4haxkiB1x5+LpECgv","previousCounter":0,"rootKey":"mD4G+JEGkho+3TXRg6DvPKKDvQ/uW2v30qBKKpEOZpE="},"indexInfo":{"baseKey":"BWuBbixXH3YVu4kV6z7rCf4dB+yXZzvznPaeswPVQnlJ","baseKeyType":2,"closed":-1,"used":1757095237560,"created":1757095237560,"remoteIdentityKey":"BahPoQ6tlmhIXh7gyW4wWJDfL7k0CbuWvVj/yltr10Eg"},"_chains":{"BY9QHi/N4PBkx0ZnDYg7vBcppNM4haxkiB1x5+LpECgv":{"chainKey":{"counter":1,"key":"OrIjiPe7O2tccKMmrVfYgr/TonCVvQOKSc7x0KjZSiU="},"chainType":2,"messageKeys":{}},"BReuJPE6VEOtBa7AdP9JOKMXNsNb4FjWP1fJZMRuUnYa":{"chainKey":{"counter":-1,"key":"1qYFCV4m1KGTBiktahA8glsgjNQ3gp0GvA/Ye1UVOrY="},"chainType":1,"messageKeys":{}}}}},"version":"v1"}