{"_sessions":{"BYjsSATlMZIA8BakpwRz6toyum7F8nK+sN9UcCYVn2YY":{"registrationId":639802194,"currentRatchet":{"ephemeralKeyPair":{"pubKey":"BXMlK1xWDbpzD1mdPtjiLn+X7MSq7ZYxfcuDJIKH+bxr","privKey":"MMjk1vN0QtJmL3SZvj7sjgOy8gCYJyq3bS8dbovhrWw="},"lastRemoteEphemeralKey":"BaS8nHzmLD76WegVf0wBviYR08GDCyFY7FcAyqFviTNu","previousCounter":0,"rootKey":"khfkm3ox0NM3oWOXs3P4Jp0MwhNaq27sByhYbRuBOCM="},"indexInfo":{"baseKey":"BYjsSATlMZIA8BakpwRz6toyum7F8nK+sN9UcCYVn2YY","baseKeyType":2,"closed":-1,"used":1757131049072,"created":1757131049072,"remoteIdentityKey":"BcNwFGayvub2g1k0tu6O6kLgLKqxsCSEWCEJcm63GSg5"},"_chains":{"BaS8nHzmLD76WegVf0wBviYR08GDCyFY7FcAyqFviTNu":{"chainKey":{"counter":0,"key":"zL316AULPaEv0TcNcx3Q5CdDzTMvkbK21pFvPZL168s="},"chainType":2,"messageKeys":{}},"BXMlK1xWDbpzD1mdPtjiLn+X7MSq7ZYxfcuDJIKH+bxr":{"chainKey":{"counter":-1,"key":"803TC30u8GHDTb/4YbM8knY3X1srZPvPgpn2x1/gKHE="},"chainType":1,"messageKeys":{}}}}},"version":"v1"}