{"_sessions":{"BfZQ02VGTHnO9kiGBRZ20CCrBuoHQPsZUQboxaE80aFZ":{"registrationId":914096584,"currentRatchet":{"ephemeralKeyPair":{"pubKey":"Bbc7Xw6+Rl9v0CNHJkDtTF/Gi5x8uS3XsTAqHdUFsrwj","privKey":"MGuYXR7RfHy/3M58tAVw9jExPJYX/3dNfrapv+//Y1g="},"lastRemoteEphemeralKey":"BeGJc8xd9aT0f1WsOzHhEihJs8EE8IwUdWskb6C7BpcI","previousCounter":0,"rootKey":"5N8lFBXruL+6HiIfQnKYnbNUak1pwnaUol4ts1frYCo="},"indexInfo":{"baseKey":"BfZQ02VGTHnO9kiGBRZ20CCrBuoHQPsZUQboxaE80aFZ","baseKeyType":2,"closed":-1,"used":1757091409008,"created":1757091409008,"remoteIdentityKey":"Be7le9S8Lt75AB4KC5obvwUQhsIir2VGS0vzg2k37SBu"},"_chains":{"BeGJc8xd9aT0f1WsOzHhEihJs8EE8IwUdWskb6C7BpcI":{"chainKey":{"counter":1,"key":"XCNHz6HHx+QD/yE5LWcOA4W/JjH+hQKN72bXxVP9fFI="},"chainType":2,"messageKeys":{}},"Bbc7Xw6+Rl9v0CNHJkDtTF/Gi5x8uS3XsTAqHdUFsrwj":{"chainKey":{"counter":-1,"key":"MktBqhHd1L4KO5bpq9W52GHVUb4wIYG87CbV0ORig84="},"chainType":1,"messageKeys":{}}}}},"version":"v1"}