{"_sessions":{"BdFzMt50X4m+jnST1orPjiReVG36RjgxHzrn+KMTKPNp":{"registrationId":932491520,"currentRatchet":{"ephemeralKeyPair":{"pubKey":"BbHmJqbDW3Gp/EbDEa4Wzsbww6YIT54grwMkU10S7zkR","privKey":"ULhERGymRV7t409D3oddqDUikbviB1xCJcRqXxYjn3I="},"lastRemoteEphemeralKey":"BeDSzgyUrskBD+2+6lepf7Bw+Yr2H/SHSAU4oA+ZSOQo","previousCounter":0,"rootKey":"w1WM/VPZ8FO4deT7uPyYGLIauNqmglQ4PisHM/TkTtU="},"indexInfo":{"baseKey":"BdFzMt50X4m+jnST1orPjiReVG36RjgxHzrn+KMTKPNp","baseKeyType":2,"closed":-1,"used":1757093467233,"created":1757093467233,"remoteIdentityKey":"BcJfYy8nySiTpB14adVKXYcjEzJnxS0ov2TwcSPYO1kW"},"_chains":{"BeDSzgyUrskBD+2+6lepf7Bw+Yr2H/SHSAU4oA+ZSOQo":{"chainKey":{"counter":0,"key":"i93WiWoujy2RC4oBsImmaFPJVngwu7ZN0QDxkqJYcvc="},"chainType":2,"messageKeys":{}},"BbHmJqbDW3Gp/EbDEa4Wzsbww6YIT54grwMkU10S7zkR":{"chainKey":{"counter":-1,"key":"mtlUPbEeSdK/MTIVTz8HA5R/shM3GfzZF6FxcunPhlI="},"chainType":1,"messageKeys":{}}}}},"version":"v1"}