{"_sessions":{"BXoHLJW3Gc7NjNnZuDIiR+siCfZfk7pIQiKtWUtcqJAx":{"registrationId":1913907013,"currentRatchet":{"ephemeralKeyPair":{"pubKey":"BUUrgh0yf+7/5j3zIrZEF1EwyI7kaQs5e/XTw4U3WVc+","privKey":"cBdJw9UIqadsj3Lugz5pmvQQZbseMtRt66Xyt9ggYlA="},"lastRemoteEphemeralKey":"BWW/bvkw0Qnk4n44NUoKkodGNcTjFrhgmhnhBVG4AOFq","previousCounter":0,"rootKey":"IKpTNsc6YD3kR7BS+8pwuq5tRgig5uUhV+1wU5wWFS8="},"indexInfo":{"baseKey":"BXoHLJW3Gc7NjNnZuDIiR+siCfZfk7pIQiKtWUtcqJAx","baseKeyType":1,"closed":-1,"used":1757089824599,"created":1757089824599,"remoteIdentityKey":"Bep6WFcMotU94XqhLs83t3spkxOT40ogCjM1R0RlUb58"},"_chains":{"BUUrgh0yf+7/5j3zIrZEF1EwyI7kaQs5e/XTw4U3WVc+":{"chainKey":{"counter":0,"key":"+5vUU7YBqKhNP+kOVJBfl70ntMnInEkUEcT8E8J2ZQ0="},"chainType":1,"messageKeys":{}}},"pendingPreKey":{"signedKeyId":7,"baseKey":"BXoHLJW3Gc7NjNnZuDIiR+siCfZfk7pIQiKtWUtcqJAx","preKeyId":8676964}}},"version":"v1"}