{"_sessions":{"Bfs6k18/L8mbHX0eyez26x746gqYKJVZAoJLHAOAPMd+":{"registrationId":1302351251,"currentRatchet":{"ephemeralKeyPair":{"pubKey":"BcXIQa/qsJzhGTABy8HQj1F8hFBvkqrUFZv/HkiAz74a","privKey":"GFdQmJJbvq6bvgNQ7rvaE6NrOm41wYuSX/zQ7yyQxn0="},"lastRemoteEphemeralKey":"BbEk2PzhVeXJycGM9g7bVIA6EOqIPYWO3HYkNoH/KFcC","previousCounter":0,"rootKey":"0CHr3j2N7PfL8TZbCSCcW2bR71Z62F1rwo6bG3M5t34="},"indexInfo":{"baseKey":"Bfs6k18/L8mbHX0eyez26x746gqYKJVZAoJLHAOAPMd+","baseKeyType":2,"closed":-1,"used":1757094412795,"created":1757094412795,"remoteIdentityKey":"BQzfzeBpiwI6SSbeF84O3P9KhOOXk7Z9o9r/OLIBJS9b"},"_chains":{"BbEk2PzhVeXJycGM9g7bVIA6EOqIPYWO3HYkNoH/KFcC":{"chainKey":{"counter":1,"key":"ZD+cSIkTG0oQRhgSWYGifp5XEPSswmKKtwjeQPyC4h4="},"chainType":2,"messageKeys":{}},"BcXIQa/qsJzhGTABy8HQj1F8hFBvkqrUFZv/HkiAz74a":{"chainKey":{"counter":-1,"key":"am2pRlMLljhG8M3uSyHj/BqyN9Uez970YLI1jXcrB+k="},"chainType":1,"messageKeys":{}}}}},"version":"v1"}