{"_sessions":{"BSU3cn6pPSDjLJQemOqiLLlyqyh1SnL2lFXx4mWFlZ1i":{"registrationId":501317433,"currentRatchet":{"ephemeralKeyPair":{"pubKey":"BY7aDRTBr51RvuQmk9vdIIZpwUeAEVGJmPhLNTUSiRgH","privKey":"mGOG0u+Yu3dXYL0u59AIV4B3pxcXTW9iKj8FuzJGN1k="},"lastRemoteEphemeralKey":"BV7D+gxmQOXIda4G7yS5AzWpW/o+D2RkmesQWSZpI3E3","previousCounter":0,"rootKey":"A8IFt/KmPLzZzHlDr0UD2lR8fqHVqTprUvCupvHi0aI="},"indexInfo":{"baseKey":"BSU3cn6pPSDjLJQemOqiLLlyqyh1SnL2lFXx4mWFlZ1i","baseKeyType":2,"closed":-1,"used":1757131066477,"created":1757131066477,"remoteIdentityKey":"BRjeomUuaCzPy8qmyNFwLsXQyLaa2Kuy6dW/RHco9jYt"},"_chains":{"BV7D+gxmQOXIda4G7yS5AzWpW/o+D2RkmesQWSZpI3E3":{"chainKey":{"counter":0,"key":"4GMTADofN7Tche0mmHjlpg7IfJAim3cYef5X4yoW4LM="},"chainType":2,"messageKeys":{}},"BY7aDRTBr51RvuQmk9vdIIZpwUeAEVGJmPhLNTUSiRgH":{"chainKey":{"counter":-1,"key":"2L/ObZ98i3kAOtbyMH1n8kF5kP0SImwvqjnjjxhhkD4="},"chainType":1,"messageKeys":{}}}}},"version":"v1"}