{"_sessions":{"BYUPqP1kP6hdOXOzPr1QO5FRo4996Es+aw+Dqkq2OiJS":{"registrationId":376532596,"currentRatchet":{"ephemeralKeyPair":{"pubKey":"BZpb01kJKuCFN24R9COypFUf2BS/N1r0LO0RKLarOpM3","privKey":"2KjItNHGnkCEvrKk/kaLyeRYow8WKW8MkmsBUOCKNV0="},"lastRemoteEphemeralKey":"BUIvvTJMtpyOLu1YMQr9KNHJ/s9jixxdpFpLLPK18Ks+","previousCounter":0,"rootKey":"5bgkKla6CWvBWSd1IFbdEbTqiMjesrFAWosqZkS0HMQ="},"indexInfo":{"baseKey":"BYUPqP1kP6hdOXOzPr1QO5FRo4996Es+aw+Dqkq2OiJS","baseKeyType":2,"closed":-1,"used":1757132189490,"created":1757132189490,"remoteIdentityKey":"BZ9BYH7ld+WTkcTeOBQlPotIxRoblIh2qKMuvoA8KuJr"},"_chains":{"BUIvvTJMtpyOLu1YMQr9KNHJ/s9jixxdpFpLLPK18Ks+":{"chainKey":{"counter":0,"key":"69r7Bev6HzDQuYoSuYC6ChX3wBk6imiKRh6EUPEg5CA="},"chainType":2,"messageKeys":{}},"BZpb01kJKuCFN24R9COypFUf2BS/N1r0LO0RKLarOpM3":{"chainKey":{"counter":-1,"key":"PoKROIue0DswJTghdQD5/EMc6wzKs2LPwuAN7/+SH7U="},"chainType":1,"messageKeys":{}}}}},"version":"v1"}