{"_sessions":{"BXrLfimna28NpFlRIYORBFMzlgDQVzBKYS2lexBiETkT":{"registrationId":978728055,"currentRatchet":{"ephemeralKeyPair":{"pubKey":"BaQuFzVxN0Wcsh+eD1X/fsN3bv+A+FeJ6Uir7nSs9axE","privKey":"uJnOs0ewFhdMRrRHlnBh7hcW+LTOp+by3D0nxEY5lm0="},"lastRemoteEphemeralKey":"BU92x0icstSQcHNWW0t7TeQEx/JnDfD4xU9nV6psISZY","previousCounter":0,"rootKey":"j9Rrnb5B2KWFFVtFurGv2EL4TLlwPHWkGfJ0pCEgGI0="},"indexInfo":{"baseKey":"BXrLfimna28NpFlRIYORBFMzlgDQVzBKYS2lexBiETkT","baseKeyType":2,"closed":-1,"used":1757095614551,"created":1757095614551,"remoteIdentityKey":"BWass8+uzoJX9C9i5Rardlztt+rDq6HHR6wWLOggkwwP"},"_chains":{"BU92x0icstSQcHNWW0t7TeQEx/JnDfD4xU9nV6psISZY":{"chainKey":{"counter":0,"key":"nDGvYs9jPcfMTH1oJEuVRDepOANfAr0KwiWEjiyKWP0="},"chainType":2,"messageKeys":{}},"BaQuFzVxN0Wcsh+eD1X/fsN3bv+A+FeJ6Uir7nSs9axE":{"chainKey":{"counter":-1,"key":"6kQEUX8L53YUshqOkEFtTxX/kuucJ873ja1E29tMMvY="},"chainType":1,"messageKeys":{}}}}},"version":"v1"}