{"_sessions":{"Bezmi0rPyYmN99nUcuy2DNpsoAH4Eb3t4+30s0QpGjRs":{"registrationId":1253241765,"currentRatchet":{"ephemeralKeyPair":{"pubKey":"BdPsxuNfFqBtYMNJaGy4SmuiWIDl8GIOhEyTrCrbcbsL","privKey":"mIM6MOe8G4iHHpUEWfxW2qr+HkIaNQ0QHaywlWSJ+Fo="},"lastRemoteEphemeralKey":"BUzCmfCSFhhurlTIKKAY/xZ616H3iH6y8ypFilIj+g44","previousCounter":0,"rootKey":"VVdkRXJ8Ot5u2QGd+gmwLvC6cYVLjEslAAM/0UoT7g4="},"indexInfo":{"baseKey":"Bezmi0rPyYmN99nUcuy2DNpsoAH4Eb3t4+30s0QpGjRs","baseKeyType":2,"closed":-1,"used":1757094702873,"created":1757094702873,"remoteIdentityKey":"BZ7tyD4DzlCbg2/iMm+Kmg7pzWM0ho0q2aG8ytCVg8h6"},"_chains":{"BUzCmfCSFhhurlTIKKAY/xZ616H3iH6y8ypFilIj+g44":{"chainKey":{"counter":0,"key":"ux0I/qmp3PT2nN352hpwzHiJ0BYuZV23F/A+jIHV/vE="},"chainType":2,"messageKeys":{}},"BdPsxuNfFqBtYMNJaGy4SmuiWIDl8GIOhEyTrCrbcbsL":{"chainKey":{"counter":-1,"key":"0LWOmkK2g8aCLZ388yijAdbovGmdHUjB69cKZVY9nro="},"chainType":1,"messageKeys":{}}}}},"version":"v1"}