{"_sessions":{"BSHsZszRlIvLGf/RaHanSwXo7I8rQArBhRONAeHAYvxY":{"registrationId":2007023046,"currentRatchet":{"ephemeralKeyPair":{"pubKey":"BWrfnF8NaEFGNm+oUncm5MhMCB1/dRDjX6fsYfZWxD96","privKey":"4MdpEBAzJQM7Wp97TWg/hZQhhD84Q4BW/kgOKq9rN3o="},"lastRemoteEphemeralKey":"Bf0VHGJbHcFH38y6/4tyo1qh+WPXjwspo/Dsaxy1EHhh","previousCounter":0,"rootKey":"60j6FxIjR5140mTBvccT9ac1wt3tDP74XE4Y93x31TE="},"indexInfo":{"baseKey":"BSHsZszRlIvLGf/RaHanSwXo7I8rQArBhRONAeHAYvxY","baseKeyType":2,"closed":-1,"used":1757131049107,"created":1757131049107,"remoteIdentityKey":"BQuKS3TjB2xc8iIl3Qmd39gZYYEdaNgbmX+GrWuHjlxb"},"_chains":{"Bf0VHGJbHcFH38y6/4tyo1qh+WPXjwspo/Dsaxy1EHhh":{"chainKey":{"counter":1,"key":"jPS6NEKPpYS4WuiNOdAMFwIunGbYB9WbE28wrgwbQCI="},"chainType":2,"messageKeys":{}},"BWrfnF8NaEFGNm+oUncm5MhMCB1/dRDjX6fsYfZWxD96":{"chainKey":{"counter":-1,"key":"7iABcA2kPOYZa67peLBUsQvZI18pc8lzWkxbzQzRDoc="},"chainType":1,"messageKeys":{}}}}},"version":"v1"}