{"_sessions":{"BfqFEja9vIm+FgDdciCPAChAIe8/IptpaJ9CEAyRc6Q5":{"registrationId":1672146148,"currentRatchet":{"ephemeralKeyPair":{"pubKey":"BaJ0In9i8MRPLqgshZc1dayG8UJ4otTLoFLcZgVSczYt","privKey":"OCouqziGALLsk01OU3ZokOftoCnp6EP9qSqzQjDwyEc="},"lastRemoteEphemeralKey":"BaRxxheewd1OzAE4X0C4KffXYZIETF8dt9bdmG3w1VB+","previousCounter":0,"rootKey":"CY6hLiym144iD6wXrah0B7AWgEksotcJliA0vShoh5M="},"indexInfo":{"baseKey":"BfqFEja9vIm+FgDdciCPAChAIe8/IptpaJ9CEAyRc6Q5","baseKeyType":2,"closed":-1,"used":1757131049355,"created":1757131049355,"remoteIdentityKey":"BQEScKBnOo58/rDhUnsO7X0Vh4M0ReHnCBtmsmEsg1dY"},"_chains":{"BaRxxheewd1OzAE4X0C4KffXYZIETF8dt9bdmG3w1VB+":{"chainKey":{"counter":0,"key":"PxMyHpip7VG/T6nwyTd6KIORl95nCFWm9ERgZRW2DZE="},"chainType":2,"messageKeys":{}},"BaJ0In9i8MRPLqgshZc1dayG8UJ4otTLoFLcZgVSczYt":{"chainKey":{"counter":-1,"key":"cPZR30ae3tdArbI5+ZsXUyfMirQektAFYvvEzwP28mo="},"chainType":1,"messageKeys":{}}}}},"version":"v1"}