{"_sessions":{"BXk1MoIs3/CrmhFGn/e2REKuq93G1igjGW+ERboCHoRK":{"registrationId":380854054,"currentRatchet":{"ephemeralKeyPair":{"pubKey":"BVStGoA8lYsq2VPLVQOgZDXL90pzVeKa/xd/Zu+upB0c","privKey":"ICoQSX0kRxI6gfZO/YzNfziPn6j2qbIAr20i+d30lmc="},"lastRemoteEphemeralKey":"Bakqn7oDjx0NnBg0Lp2oUjh8bZ68YvnNm0JoVaqHIlY+","previousCounter":0,"rootKey":"V3OkqFkl1FbNUZiNBEQQyb+ET+FREOSz6ywrj7zJXvY="},"indexInfo":{"baseKey":"BXk1MoIs3/CrmhFGn/e2REKuq93G1igjGW+ERboCHoRK","baseKeyType":2,"closed":-1,"used":1757132189517,"created":1757132189517,"remoteIdentityKey":"Baf+swquKO1ayrs9RYV6WLbtsp+vf31FzhcEj1Lpi6E0"},"_chains":{"Bakqn7oDjx0NnBg0Lp2oUjh8bZ68YvnNm0JoVaqHIlY+":{"chainKey":{"counter":0,"key":"axadsQ3BiG/f3XcoqU9xmNB+aQFnAsLs/ybg1c1zpIk="},"chainType":2,"messageKeys":{}},"BVStGoA8lYsq2VPLVQOgZDXL90pzVeKa/xd/Zu+upB0c":{"chainKey":{"counter":-1,"key":"tAt3OvMm4io705stcKagjctHAYxSAi2n6qG9B/nHlSc="},"chainType":1,"messageKeys":{}}}}},"version":"v1"}