{"_sessions":{"BeLAuNBL008Ro5YjYi1NQbg/HQgw8/K2rdzmUbNeruku":{"registrationId":1371620682,"currentRatchet":{"ephemeralKeyPair":{"pubKey":"BeRMMdvc6f9odsYm8ATyMyINMX9pzyIw5DcFVw2UV81E","privKey":"+Epdj0LY5CaVHRGdqESWBXddlpcZy1Q4ERd5Qxq4Ons="},"lastRemoteEphemeralKey":"BTqZHlVxdOBypnWEYQZu0ybbogxdRmzwjBKY0eko2okM","previousCounter":0,"rootKey":"KQRX+P+B3+EiaB5SUgabvfkqqM8sHtHKvhxif3v9tpY="},"indexInfo":{"baseKey":"BeLAuNBL008Ro5YjYi1NQbg/HQgw8/K2rdzmUbNeruku","baseKeyType":2,"closed":-1,"used":1757132189528,"created":1757132189528,"remoteIdentityKey":"BcM7zdJeTPYlRQDMSrudG8feN6K6lz5ys78qNoX7exgc"},"_chains":{"BTqZHlVxdOBypnWEYQZu0ybbogxdRmzwjBKY0eko2okM":{"chainKey":{"counter":0,"key":"/6fXWCLVm0Zfuy1tJ8Tc2970+c0kkSyHdANzVpbW74k="},"chainType":2,"messageKeys":{}},"BeRMMdvc6f9odsYm8ATyMyINMX9pzyIw5DcFVw2UV81E":{"chainKey":{"counter":-1,"key":"pp+rxQZtmYJZTY3K9qnqJthouxdhsg7pI2fAQidj4ws="},"chainType":1,"messageKeys":{}}}}},"version":"v1"}