{"_sessions":{"BX1RkfAmfpPg5R8yHmAjvWVXmWjzw+i8aKDLt2PrM38V":{"registrationId":840609845,"currentRatchet":{"ephemeralKeyPair":{"pubKey":"Bcl3iUClvEx1Xfs6Lyl0PKIz2/0L9YEMhe2ytpxb56YF","privKey":"4IwkyHT8HuY2r8pL+tyl78WiMS+75pARM3P6HhVQGEw="},"lastRemoteEphemeralKey":"BXjvmJH3ek/3u7N58Q977X4E77fr0POm66bWDW9TVBZ7","previousCounter":0,"rootKey":"QU8qWuWhUSnRuLNbv/UGfIy4BkESjE3wIUUURDVDqfo="},"indexInfo":{"baseKey":"BX1RkfAmfpPg5R8yHmAjvWVXmWjzw+i8aKDLt2PrM38V","baseKeyType":2,"closed":-1,"used":1757132189505,"created":1757132189505,"remoteIdentityKey":"BU06adHUHYEarkQkiRfmiVHI/gqFyWzTo111tYtEZF0o"},"_chains":{"BXjvmJH3ek/3u7N58Q977X4E77fr0POm66bWDW9TVBZ7":{"chainKey":{"counter":0,"key":"voR2wx985LIRksF3Dx7xmW+kI+BPi+8oTXEtSiCCvtE="},"chainType":2,"messageKeys":{}},"Bcl3iUClvEx1Xfs6Lyl0PKIz2/0L9YEMhe2ytpxb56YF":{"chainKey":{"counter":-1,"key":"RfMsEAf6UQskk7pPLR7I9bkXd1kfr088rCQDnPfTA4o="},"chainType":1,"messageKeys":{}}}}},"version":"v1"}