{"_sessions":{"BZEQ7uNW8gbZSNSZXzCbSZdru/7YzoSRMbDkRx7FpSN4":{"registrationId":757259389,"currentRatchet":{"ephemeralKeyPair":{"pubKey":"BW3Qeb42XKPH5d3hHpRchRv3gaJ8ynSOdk7Q6me0qJAA","privKey":"sLorfwY3qyRXpOC8UPhYp6El5OZ5PViT1vVwaIrwp0g="},"lastRemoteEphemeralKey":"BR1biFWeKCeBEv/LhJBQKHIRvyfwSew5IsOvPX9IlLYp","previousCounter":0,"rootKey":"KPd/Pzv3JM6Wa3uGK9koCjqSnVOmR8VrtpHe1yJHlGI="},"indexInfo":{"baseKey":"BZEQ7uNW8gbZSNSZXzCbSZdru/7YzoSRMbDkRx7FpSN4","baseKeyType":2,"closed":-1,"used":1757131049295,"created":1757131049295,"remoteIdentityKey":"BWE9+4afjUIfCpcjTdn64rGb7O7CfPfqFRFqZYA3KVRN"},"_chains":{"BR1biFWeKCeBEv/LhJBQKHIRvyfwSew5IsOvPX9IlLYp":{"chainKey":{"counter":0,"key":"39MlsFUaTUPXP1JYHXR/aTp0CNXrmuN9q7PCORRM6Nw="},"chainType":2,"messageKeys":{}},"BW3Qeb42XKPH5d3hHpRchRv3gaJ8ynSOdk7Q6me0qJAA":{"chainKey":{"counter":-1,"key":"7OTcWCkYz83u7VW/VBs9Xd6rJgD5nJCLLty0oUwdaNI="},"chainType":1,"messageKeys":{}}}}},"version":"v1"}