{"_sessions":{"Bf36ZGyGCaHAPxzIua/SYCxgHC04YSUzt4yGyuc/PClq":{"registrationId":63705912,"currentRatchet":{"ephemeralKeyPair":{"pubKey":"BdmPqth4B7ij16sh01kVvZsAbWFxl8MZn/Emgv39yvIV","privKey":"4OaIYnN/8eQ6Zmg6lhO7fHHfgUK/lQGd5a7RkW91w2s="},"lastRemoteEphemeralKey":"BQvbTFIquPJmiiIS/3JmApRsj2Jro9dsWb8NYWcrDGNN","previousCounter":0,"rootKey":"E1gDi+ihmzufsHABYgn0ElP6xj8B7wg2tDdJs+HijUo="},"indexInfo":{"baseKey":"Bf36ZGyGCaHAPxzIua/SYCxgHC04YSUzt4yGyuc/PClq","baseKeyType":2,"closed":-1,"used":1757131052354,"created":1757131052354,"remoteIdentityKey":"BQafEPwW/j25ZShqbh5ds/Gso41c4QPcZIZN6j6fV6MH"},"_chains":{"BQvbTFIquPJmiiIS/3JmApRsj2Jro9dsWb8NYWcrDGNN":{"chainKey":{"counter":0,"key":"JeoBbY6xMW94aCTUvgCxIGQfYegIrl/sbCxhM4oIXh4="},"chainType":2,"messageKeys":{}},"BdmPqth4B7ij16sh01kVvZsAbWFxl8MZn/Emgv39yvIV":{"chainKey":{"counter":-1,"key":"VPrh7/dnBeO4YaUzoJuMZo86vBEe9As4FbshmW5bTiQ="},"chainType":1,"messageKeys":{}}}}},"version":"v1"}