{"_sessions":{"BV93CeCgVLCxOcoUyBO7hyW/r50vW79qmwHrfu9DvKF3":{"registrationId":1445037997,"currentRatchet":{"ephemeralKeyPair":{"pubKey":"BVZilbbkbRWaVYLxx01W0v3doIJ/7PvLg75X3OZgJGF3","privKey":"eKX3U39zlk6QtKZ1wufMCm/tgrvQvZ3HzxlFN3kXPmw="},"lastRemoteEphemeralKey":"BfrGxnhfNJ7QW5WTS1AMp+dbY45UPPDoS6jb9Alk7X9C","previousCounter":0,"rootKey":"QZiJ/MpCYySX8KdYTfTsbbqrm2uZVqoKKIW1VTrE83Q="},"indexInfo":{"baseKey":"BV93CeCgVLCxOcoUyBO7hyW/r50vW79qmwHrfu9DvKF3","baseKeyType":2,"closed":-1,"used":1757132209241,"created":1757132209241,"remoteIdentityKey":"BXVidJVIosIv9KIK0iraFaTTXXbL2yafRW9oE7Vd7zw5"},"_chains":{"BfrGxnhfNJ7QW5WTS1AMp+dbY45UPPDoS6jb9Alk7X9C":{"chainKey":{"counter":0,"key":"yuSfQl/C9ZziCrJLc9hlhkF/WLFHt6b0+6wBcj3ikGE="},"chainType":2,"messageKeys":{}},"BVZilbbkbRWaVYLxx01W0v3doIJ/7PvLg75X3OZgJGF3":{"chainKey":{"counter":-1,"key":"eccUY1YsBaC6qezQsWi1ilMfsUdDqm56XTxlVQ3d2ns="},"chainType":1,"messageKeys":{}}}}},"version":"v1"}