{"_sessions":{"BfzhP5I2BrKLVZYRUtuxJnwSwLVMA4dqMjlG5WqiTXM8":{"registrationId":390465805,"currentRatchet":{"ephemeralKeyPair":{"pubKey":"BckuW+aTRqhb1+WlilMAM/aC6NQNwokhJuE9iPmQARUY","privKey":"QMZNODQqvWSdRmV7CFlUz6v6PX4DYoLzq3Smiv8/NEU="},"lastRemoteEphemeralKey":"BbWebWcXQvBFTrI4QAF+2Up0yL+ieR6Aj9vnmc2fJRBW","previousCounter":0,"rootKey":"UtErQeebGHIuoSoXtwc/sWhEqApzrTc+dDwDcgLHFLU="},"indexInfo":{"baseKey":"BfzhP5I2BrKLVZYRUtuxJnwSwLVMA4dqMjlG5WqiTXM8","baseKeyType":2,"closed":-1,"used":1757131068513,"created":1757131068513,"remoteIdentityKey":"BX56/tMYklZJw7xiwM+/rpSeSi08ewOSW1A+KLMRynUY"},"_chains":{"BbWebWcXQvBFTrI4QAF+2Up0yL+ieR6Aj9vnmc2fJRBW":{"chainKey":{"counter":0,"key":"hpMPeq7Ru7FAdMdXi+RXOFnz9yAzQ8pjLjyMOsH/P+8="},"chainType":2,"messageKeys":{}},"BckuW+aTRqhb1+WlilMAM/aC6NQNwokhJuE9iPmQARUY":{"chainKey":{"counter":-1,"key":"B4oYNTHiy9fPEIrzaFiJyyVybumD1Z+duCANy2Lb4L8="},"chainType":1,"messageKeys":{}}}}},"version":"v1"}