{"_sessions":{"BTZOKvUThvh6aDYMrjmvvxPoNJ5KAlkCc0GdiHo6Ry1C":{"registrationId":1022214408,"currentRatchet":{"ephemeralKeyPair":{"pubKey":"BdTCzSelhWKP7vir4wAIMyR99iRC9qrpzWQojF8FzyIN","privKey":"qGnQjKgqNoIJhvVNlfDaxyJHBzsQnMkm1uZuVXql+V4="},"lastRemoteEphemeralKey":"BZdaQO/EGnzNBGNdpnPWEP/KY7XrX8sMC+mt8racqdJG","previousCounter":0,"rootKey":"Zyhm9QpeqKHbPW7/TTeeDX8wvNa0jbezONiqchfYGSI="},"indexInfo":{"baseKey":"BTZOKvUThvh6aDYMrjmvvxPoNJ5KAlkCc0GdiHo6Ry1C","baseKeyType":2,"closed":-1,"used":1758853107165,"created":1758853107165,"remoteIdentityKey":"BeziEEG8DSi6KkWlk3sbjdbg6z7s0cHt9ti4iVtEur4W"},"_chains":{"BZdaQO/EGnzNBGNdpnPWEP/KY7XrX8sMC+mt8racqdJG":{"chainKey":{"counter":4,"key":"aT1yBI9rpaP9tULPBg/C8QEcZumSjX1BYX1wNhmNKFQ="},"chainType":2,"messageKeys":{"1":"sYB6IApOVaM2PXsbGOEgF/DDdMFDsQ+hD8SCcNVtyHM=","2":"aEKc9UmXMD87CDAz2LXNtpEPa0r9tXeuocryamns2SE="}},"BdTCzSelhWKP7vir4wAIMyR99iRC9qrpzWQojF8FzyIN":{"chainKey":{"counter":-1,"key":"QT2uN8kxze/QrCcHU6s01bbhiqxijIAQGhVcyjE37NQ="},"chainType":1,"messageKeys":{}}}}},"version":"v1"}