{"_sessions":{"BQhn0qfZ362Fnvc02VhQ02n34Nhtl42qLjBNCNNerL8+":{"registrationId":147737732,"currentRatchet":{"ephemeralKeyPair":{"pubKey":"BYtm0UKaR1ryZyxFpy14Of4sbOVUsOLk64ym00rSKdRq","privKey":"MC3Q10CyksFn8/OFtA6XQeoViQ9BTqB02OwrxhcFVVQ="},"lastRemoteEphemeralKey":"BZPp6bLnZcoE03ixCjeDk5KyxrR/XgmAjDOjXZU1Hcwq","previousCounter":0,"rootKey":"DB+F6LMmv/Gq7y+yFS/ltA9RE2//edZwsOE4pB9Dhr8="},"indexInfo":{"baseKey":"BQhn0qfZ362Fnvc02VhQ02n34Nhtl42qLjBNCNNerL8+","baseKeyType":2,"closed":-1,"used":1758853087145,"created":1758853087145,"remoteIdentityKey":"Bfjv77aPUrgSFbS87t7+XPLUpCyVUI8Nxco7Ui+qeN8b"},"_chains":{"BZPp6bLnZcoE03ixCjeDk5KyxrR/XgmAjDOjXZU1Hcwq":{"chainKey":{"counter":1,"key":"Rv4SaQy/drjZz/h97/gF5PDqu6YccIY1euAn7bpqI44="},"chainType":2,"messageKeys":{}},"BYtm0UKaR1ryZyxFpy14Of4sbOVUsOLk64ym00rSKdRq":{"chainKey":{"counter":-1,"key":"lqVV7IKKeWxyscApGIDq74lWYmvGbdg0r19U1anp5jE="},"chainType":1,"messageKeys":{}}}}},"version":"v1"}