{"_sessions":{"BVJYWOkBlcLvL1T1Abjg8yGGXieK5fzp2+ya+mNvqPgo":{"registrationId":1351811915,"currentRatchet":{"ephemeralKeyPair":{"pubKey":"BY41UZ6JoK/sYzLBKg9W5sSvBl2gnG6U7OKjuODT5EMP","privKey":"iGeBfjmDT3GZ44seedFEiyjX7immKgQelMdxlW6zXmE="},"lastRemoteEphemeralKey":"BdQ08TGTo2AzWA0R3GiTpHwfPAsMzJBpsk2xW8BEdjQg","previousCounter":0,"rootKey":"NUYsJZOpWA2L5H5S8M+YnjWKDlytTbwrnFFwmwniRkA="},"indexInfo":{"baseKey":"BVJYWOkBlcLvL1T1Abjg8yGGXieK5fzp2+ya+mNvqPgo","baseKeyType":2,"closed":-1,"used":1758853198574,"created":1758853198574,"remoteIdentityKey":"BalZiibHknVQLiDx9HlSw1iTyExa+4JALIvecA1K6CZm"},"_chains":{"BdQ08TGTo2AzWA0R3GiTpHwfPAsMzJBpsk2xW8BEdjQg":{"chainKey":{"counter":0,"key":"w2rIG27kd8oSVmTF6DFTdE8YD39a1+O6+YBy0K54SMc="},"chainType":2,"messageKeys":{}},"BY41UZ6JoK/sYzLBKg9W5sSvBl2gnG6U7OKjuODT5EMP":{"chainKey":{"counter":-1,"key":"7jNd4E/WqCUjMvrSE/vhSDGAZK0nngc0lTq+suD2R7M="},"chainType":1,"messageKeys":{}}}}},"version":"v1"}