{"_sessions":{"BTddvVagguEJZXrm/D48KGs01Bt6zzwx2Iu+5VBKsRoS":{"registrationId":700367906,"currentRatchet":{"ephemeralKeyPair":{"pubKey":"BX81QezArnzvGcNTGkRt8gidteaFR3CZ9I8YaB0MK5MJ","privKey":"gGcj0DczcDJiZ0FOE1McQQBwKXWBOCUQuig2wLFbN3E="},"lastRemoteEphemeralKey":"BTxz8xlbWj/O+rXUqXaB9sKlelao67aU/0dwOuSPFpxb","previousCounter":0,"rootKey":"1LchwkmJaisxVPtgj1rq4aFDu4ZuutBgBHOm54qJo4g="},"indexInfo":{"baseKey":"BTddvVagguEJZXrm/D48KGs01Bt6zzwx2Iu+5VBKsRoS","baseKeyType":2,"closed":-1,"used":1758853102679,"created":1758853102679,"remoteIdentityKey":"Bf4xZqWzZ1/lTDq0/KPxep68dDMd5VaVNk6JFJUENRUp"},"_chains":{"BTxz8xlbWj/O+rXUqXaB9sKlelao67aU/0dwOuSPFpxb":{"chainKey":{"counter":0,"key":"/G48E8C0JSOSo/eLw+64lkmcrwJ4YA6IIeoj/fdYNHM="},"chainType":2,"messageKeys":{}},"BX81QezArnzvGcNTGkRt8gidteaFR3CZ9I8YaB0MK5MJ":{"chainKey":{"counter":-1,"key":"8djnyYbms98C36f4PQuJZhv0Ta5LdzGgGuUI7fpU09k="},"chainType":1,"messageKeys":{}}}}},"version":"v1"}