{"_sessions":{"BTv0wk3jKy2cETnM2O5SGCrgaycewNIbahCeH69PKYJW":{"registrationId":1936943361,"currentRatchet":{"ephemeralKeyPair":{"pubKey":"BcqrFLSPWr74ZPQKfBj4glHfEP16KBHhjbhoUrsGr8tU","privKey":"yEzXBLt/bBkX+cE7pIkCGmTUdiUGgK2+oLEqduIolVQ="},"lastRemoteEphemeralKey":"BavxtiloDF+e9NT6Eb769C1/AFeRxnVRjAal0DPmVTZ0","previousCounter":0,"rootKey":"GuQELmjI8mt7cHwDwP39VooMqNRegv8b+zIEHzX913U="},"indexInfo":{"baseKey":"BTv0wk3jKy2cETnM2O5SGCrgaycewNIbahCeH69PKYJW","baseKeyType":2,"closed":-1,"used":1758852629452,"created":1758852629452,"remoteIdentityKey":"BSG3us7eYPVjAja1eEF5Rf4dH1NJcbb+Sss5oYu11qRG"},"_chains":{"BavxtiloDF+e9NT6Eb769C1/AFeRxnVRjAal0DPmVTZ0":{"chainKey":{"counter":2,"key":"F38g6GvLoFoY24njlclSlqB5GvLW8jOFZXz001SQpZQ="},"chainType":2,"messageKeys":{}},"BcqrFLSPWr74ZPQKfBj4glHfEP16KBHhjbhoUrsGr8tU":{"chainKey":{"counter":-1,"key":"M0t3CcAsKt7qbBCIenzHhR6Ah8HdbWJ4dsvvd/ZSoC4="},"chainType":1,"messageKeys":{}}}}},"version":"v1"}