{"_sessions":{"BSpHVVQR5C6SHnpUcqQSP1lC0J7JBLlylb8we8jBrPcd":{"registrationId":2005793706,"currentRatchet":{"ephemeralKeyPair":{"pubKey":"BdRgiGBP6grD/2QRJgq872+Iyd7h0StnF4yrByH+3EIb","privKey":"wB3pSMAelteAiDkEADpAanZ5ELTockgb1DJOzbDUsWM="},"lastRemoteEphemeralKey":"Bdme0CZE/Y5x52ZPTgawjmO3ogEAmGTj5N1uWqSOpb8E","previousCounter":0,"rootKey":"Xp8lWwf5VxxjltKIMj3y8QUiwgV7bmkwYT/kIxasmq0="},"indexInfo":{"baseKey":"BSpHVVQR5C6SHnpUcqQSP1lC0J7JBLlylb8we8jBrPcd","baseKeyType":2,"closed":-1,"used":1757559759882,"created":1757559759882,"remoteIdentityKey":"BY8a3pAOV61xA8CEhnVlKBFW63XvtBz/M9dOUsJa7bd5"},"_chains":{"Bdme0CZE/Y5x52ZPTgawjmO3ogEAmGTj5N1uWqSOpb8E":{"chainKey":{"counter":0,"key":"kATL7TTwGEifUk7TQWbJXyma365gpixcIgFr9QVx/P8="},"chainType":2,"messageKeys":{}},"BdRgiGBP6grD/2QRJgq872+Iyd7h0StnF4yrByH+3EIb":{"chainKey":{"counter":-1,"key":"FAXDYmNPrBZTNlMUeLZfZOVZ4G4n0UvK09ZgRBHVYlE="},"chainType":1,"messageKeys":{}}}}},"version":"v1"}