{"_sessions":{"BSXH64+S0LXfiwNxr8kp+5PdtUWmBrEUXNxlHA80PE8A":{"registrationId":357759495,"currentRatchet":{"ephemeralKeyPair":{"pubKey":"BbNgHbbWViAsk0COuMhRk5FRQuq6vANb9DQgbz4z97Rg","privKey":"6LEvFSN9wjZ9qWZJxWqpN2wsf+pKskjZsUzdHND76ns="},"lastRemoteEphemeralKey":"BfTaaUxkkLQiBaMs/pmvP6UxOsKAdouQrlpiY0U5mot9","previousCounter":0,"rootKey":"1qPNnHWb3b40snTrG9SQCGErpiBWf5Trgih0RopQG5w="},"indexInfo":{"baseKey":"BSXH64+S0LXfiwNxr8kp+5PdtUWmBrEUXNxlHA80PE8A","baseKeyType":2,"closed":-1,"used":1758853324606,"created":1758853324606,"remoteIdentityKey":"BUxUROKxWHvHSU8xpM1xd5ib1/Pyi2mxqF1Vzcvjjx8l"},"_chains":{"BfTaaUxkkLQiBaMs/pmvP6UxOsKAdouQrlpiY0U5mot9":{"chainKey":{"counter":0,"key":"yJs3NVqef8Us0VP+xofWN0z18PkuEsZe2Xse0S1XKho="},"chainType":2,"messageKeys":{}},"BbNgHbbWViAsk0COuMhRk5FRQuq6vANb9DQgbz4z97Rg":{"chainKey":{"counter":-1,"key":"cVZwoT+UAiWfkLORNYtJqxUkK4XhVTtpSDwkVQffsHo="},"chainType":1,"messageKeys":{}}}}},"version":"v1"}