{"_sessions":{"BRCnj5R42hvHhuDrLHcmdRiENf9f3REi5n2dBIyjnKUC":{"registrationId":1900565814,"currentRatchet":{"ephemeralKeyPair":{"pubKey":"BdNtFV/BOqLtVru272JbvqdDU7fu+q84sSZqmYkGAbII","privKey":"sKQYHEutXtpmcK/6CabKbXO9HucXXdDYot1p14fJpnE="},"lastRemoteEphemeralKey":"BUHK2iUqZii+jFjGcZsvJUTrxUpdX0LP+5sRLjAozlJj","previousCounter":0,"rootKey":"11sdYfr+UbxQru91oQpt3nym7R7KKqnHWKlGIhnRRj0="},"indexInfo":{"baseKey":"BRCnj5R42hvHhuDrLHcmdRiENf9f3REi5n2dBIyjnKUC","baseKeyType":2,"closed":-1,"used":1758852629551,"created":1758852629551,"remoteIdentityKey":"BcniPcdrZ6gMaNKjrHu2H7HJjurMithuwdwkYi9yzmkd"},"_chains":{"BUHK2iUqZii+jFjGcZsvJUTrxUpdX0LP+5sRLjAozlJj":{"chainKey":{"counter":0,"key":"ddXHZSx5m+/N0Pri0FK99S+FI8eRJyjE1F66J4YHbMs="},"chainType":2,"messageKeys":{}},"BdNtFV/BOqLtVru272JbvqdDU7fu+q84sSZqmYkGAbII":{"chainKey":{"counter":-1,"key":"BbIo2AH4aCs8Lm0j5WczzlqVlJcFebFxX1Zsd40oLIE="},"chainType":1,"messageKeys":{}}}}},"version":"v1"}