{"_sessions":{"BRanvATFkDCivy6RwcubrhbbVcsZGUxdt9R9iPshtIEy":{"registrationId":1546498262,"currentRatchet":{"ephemeralKeyPair":{"pubKey":"BaGFWW9KjlNoR1646gTzbY7/1olgBb6LyABRbERNCoFn","privKey":"eD0lmOUPqrxA/zTtCvpTW/HkSYn0dMk7iU6EBQUGiUQ="},"lastRemoteEphemeralKey":"BXo11/Q2qyxPbr7RDsw2RT/dnf967p/ERJz9zFEzwwp4","previousCounter":0,"rootKey":"JDy8muPamNbA9W8sqJFPpLwdsTNqQnQQX5D5YH2P2sw="},"indexInfo":{"baseKey":"BRanvATFkDCivy6RwcubrhbbVcsZGUxdt9R9iPshtIEy","baseKeyType":2,"closed":-1,"used":1758853254119,"created":1758853254119,"remoteIdentityKey":"BWAP1hW7mIuk076CUCh26ia5hIifM7636HhGjhsHJWxA"},"_chains":{"BXo11/Q2qyxPbr7RDsw2RT/dnf967p/ERJz9zFEzwwp4":{"chainKey":{"counter":1,"key":"eoTJ8vTbpr740t8D2FQrn9wCoQM1muAoT6smffPDhgI="},"chainType":2,"messageKeys":{}},"BaGFWW9KjlNoR1646gTzbY7/1olgBb6LyABRbERNCoFn":{"chainKey":{"counter":-1,"key":"fOWJTM97pvy0VgSc4jUJRxMnBGP0dyyGG5vgQsuxT7E="},"chainType":1,"messageKeys":{}}}}},"version":"v1"}