{"_sessions":{"BZTdmWOjyPbt5D+dOmr9dngKqvXw+emoxeB1nREjFRJr":{"registrationId":1828272431,"currentRatchet":{"ephemeralKeyPair":{"pubKey":"BQWIPEQoLAu7fjUsCSYBKm9bRpkd6IAIBBA/l8bHA1l3","privKey":"SF0zH5ldSDsZ723HbOuMafJbli7ceUyi4BRzgcH6C0Q="},"lastRemoteEphemeralKey":"BVr19TXk9T+GEYOF4s68vTjHcjiMCyE6PRjjFD2sitgn","previousCounter":0,"rootKey":"wO4UcYYygVhFWyK8klTOPyk9gVkkZ8OkTyc/cmYkplQ="},"indexInfo":{"baseKey":"BZTdmWOjyPbt5D+dOmr9dngKqvXw+emoxeB1nREjFRJr","baseKeyType":2,"closed":-1,"used":1758853090638,"created":1758853090638,"remoteIdentityKey":"BbeUGOH22kDZn4YsndYXFHmJ/mIAfQQD1LiK4evOXzow"},"_chains":{"BVr19TXk9T+GEYOF4s68vTjHcjiMCyE6PRjjFD2sitgn":{"chainKey":{"counter":0,"key":"qQITnenXzqXRNVIxmEXQqrRRyUwmvQp02KvJ/gAdL00="},"chainType":2,"messageKeys":{}},"BQWIPEQoLAu7fjUsCSYBKm9bRpkd6IAIBBA/l8bHA1l3":{"chainKey":{"counter":-1,"key":"2RqTrzITVgUFRPnVSJo38zS7SD5sG/fGkzSg6Hzz9RM="},"chainType":1,"messageKeys":{}}}}},"version":"v1"}