{"_sessions":{"BTe86Qy3M17RC5qHYXzdbaXet4F97ZHE7Oy40OCRXTds":{"registrationId":1982164017,"currentRatchet":{"ephemeralKeyPair":{"pubKey":"BWk6YG3o/lUIvDWsNPMFpKGj2NL92doPOvajwjdxH3pA","privKey":"KFAiWHjpnMKAE/H7C/vcC+c0X4tU6WpmXZeBx6lkn2o="},"lastRemoteEphemeralKey":"BXIph38DbeyFV9YE85qiVBkpY5rfr0Rr/GTW3Rh6q4xo","previousCounter":0,"rootKey":"OKM6vwdnxGXWzMsKiQlJA3w5pIv4g7orRODGCsaBRZM="},"indexInfo":{"baseKey":"BTe86Qy3M17RC5qHYXzdbaXet4F97ZHE7Oy40OCRXTds","baseKeyType":2,"closed":-1,"used":1758853197076,"created":1758853197076,"remoteIdentityKey":"BaRKm9S6zs8MjYn2c2FiNrU5PvqFBoWQzNDF50pTAgdJ"},"_chains":{"BXIph38DbeyFV9YE85qiVBkpY5rfr0Rr/GTW3Rh6q4xo":{"chainKey":{"counter":0,"key":"Q8IJZZytiuXztssDvJYnsZz7ENrAeeGciZRO4ptqrxE="},"chainType":2,"messageKeys":{}},"BWk6YG3o/lUIvDWsNPMFpKGj2NL92doPOvajwjdxH3pA":{"chainKey":{"counter":-1,"key":"e423B9RPXj7lDezmN+YHLxuB75Zp87xg/gjRcgmwRFg="},"chainType":1,"messageKeys":{}}}}},"version":"v1"}