{"_sessions":{"BWA2BA4+pcfTkDtxsQiFOeuYIxlWZUxloI+2jeDlC79y":{"registrationId":1067626851,"currentRatchet":{"ephemeralKeyPair":{"pubKey":"BQGAgB2DKKaOvrhbPoiyY9QcDYX/lWHDQGA9/ZUibQY7","privKey":"yN1zIUNZUcVUceIpeo1Azq6xPKtUMxqj/gEdcQVK0EU="},"lastRemoteEphemeralKey":"BYOHYAoToTFyVeO24Dj2AF+o2AN7vvu+0KTtC4apnUJ/","previousCounter":0,"rootKey":"w0Deo0P/7YwWhEXpRzx6yWhHpAl+Br+SPYVY/ONCEzY="},"indexInfo":{"baseKey":"BWA2BA4+pcfTkDtxsQiFOeuYIxlWZUxloI+2jeDlC79y","baseKeyType":2,"closed":-1,"used":1758853365559,"created":1758853365559,"remoteIdentityKey":"BTaooaZWdqrGw0RvL64eVwGZcrJRCIpCh/hfq+dOYR1v"},"_chains":{"BYOHYAoToTFyVeO24Dj2AF+o2AN7vvu+0KTtC4apnUJ/":{"chainKey":{"counter":1,"key":"8Hj9V+DALN/qvITjzXi30D33XrO1f31kRBanFFIbmxg="},"chainType":2,"messageKeys":{}},"BQGAgB2DKKaOvrhbPoiyY9QcDYX/lWHDQGA9/ZUibQY7":{"chainKey":{"counter":-1,"key":"R8aC5JwdylYltl41dzjLriqLzQbEACP7Mc5ngzZP0rg="},"chainType":1,"messageKeys":{}}}}},"version":"v1"}