{"_sessions":{"BcFvDrl1mAu5gsRWp7aTG7WYyWosx+j+nmvV93rUtKlb":{"registrationId":1628001336,"currentRatchet":{"ephemeralKeyPair":{"pubKey":"BRRXlS+LSVcLPJr1qp82ctHM7NBUuPoO5hsTh07JaMwh","privKey":"+EU/XvijrtnazbNSvg83buXC6B8ZHY0ZK2kRd6Peg3o="},"lastRemoteEphemeralKey":"BWCYTlP47+hSubutxR5HZL1H94ET8kRNvH4t3oUowRor","previousCounter":0,"rootKey":"TIyo4/kRJPHsPWtfAdya8/Ll0qHc4nU5Q8S3ZS84bIo="},"indexInfo":{"baseKey":"BcFvDrl1mAu5gsRWp7aTG7WYyWosx+j+nmvV93rUtKlb","baseKeyType":2,"closed":-1,"used":1758853290374,"created":1758853290374,"remoteIdentityKey":"BcZ378WyVKe9toZKGaE0/pX6zV3+Gh4wbVfkpKrrP3od"},"_chains":{"BWCYTlP47+hSubutxR5HZL1H94ET8kRNvH4t3oUowRor":{"chainKey":{"counter":0,"key":"mvvFBinuuqAPMrVUV2wNo9h4GimRZJ+QDvbFAPto6CA="},"chainType":2,"messageKeys":{}},"BRRXlS+LSVcLPJr1qp82ctHM7NBUuPoO5hsTh07JaMwh":{"chainKey":{"counter":-1,"key":"ifF7I4cNue8bleBFru+PP0mOqB5PSVlnwZMvso+C910="},"chainType":1,"messageKeys":{}}}}},"version":"v1"}