{"_sessions":{"BaljE5RIQfUGodrYKV9E76GvHwDfhwwxle3a/AKDof4c":{"registrationId":230255625,"currentRatchet":{"ephemeralKeyPair":{"pubKey":"BRiEjmBF1rQ1lSiqFcJOe2NvQ5swmzYzjhn8XBv4bx8R","privKey":"SEfFC40icFO//7nKw2j3aDxob78jPIuPLiZ0FxJ2ynE="},"lastRemoteEphemeralKey":"BbpiQreRMpas7KlC3G7/+eP5apojnTeYROOxf8OjQ0cs","previousCounter":0,"rootKey":"Ii/FApBKIFjesz3Qlwip+CDJ5LLAy9BDhd0jZCMogN8="},"indexInfo":{"baseKey":"BaljE5RIQfUGodrYKV9E76GvHwDfhwwxle3a/AKDof4c","baseKeyType":2,"closed":-1,"used":1758853087409,"created":1758853087409,"remoteIdentityKey":"BZjk0DqvHNJunh8PeiKvTnZJXkvtQThgIfZRFIBUoShz"},"_chains":{"BbpiQreRMpas7KlC3G7/+eP5apojnTeYROOxf8OjQ0cs":{"chainKey":{"counter":1,"key":"LY1mHbaLxOujF0fmnJOPIGGD/ELDgF0LNoQvlRg9frQ="},"chainType":2,"messageKeys":{}},"BRiEjmBF1rQ1lSiqFcJOe2NvQ5swmzYzjhn8XBv4bx8R":{"chainKey":{"counter":-1,"key":"89Ct9kRfYVWFz357xawXAh0oSqdI/tCugsKKbu9M8p4="},"chainType":1,"messageKeys":{}}}}},"version":"v1"}