{"_sessions":{"BdpF9uKcKXCOgx/6xFJ3zFggpGwQIf4fEY9QHXjRJfZI":{"registrationId":1390548348,"currentRatchet":{"ephemeralKeyPair":{"pubKey":"BX2Vsl3MgTjCAnvsQydHeh884DzRXP6I6Maodhk/bDEv","privKey":"mIDtXmFH9gOD6yyum8Ak0cuWxQtjjsztEYE4NWX+Y0A="},"lastRemoteEphemeralKey":"BZtOah4iwq5Kx8bkNPGBJLV3pvjtrKlhT2xnYhygTjsa","previousCounter":0,"rootKey":"ugLBhJ5jpSURx9JCTPT8U6S8EDE2ipT4s8By8LRB3II="},"indexInfo":{"baseKey":"BdpF9uKcKXCOgx/6xFJ3zFggpGwQIf4fEY9QHXjRJfZI","baseKeyType":2,"closed":-1,"used":1758853327816,"created":1758853327816,"remoteIdentityKey":"Ba7rxCe/SqdshwQViphpQqtoaw+tVYBcXqYyeYSDbF9F"},"_chains":{"BZtOah4iwq5Kx8bkNPGBJLV3pvjtrKlhT2xnYhygTjsa":{"chainKey":{"counter":2,"key":"sJiR8O9L5gAp/5tBEjED/MpQg4bSr5uN+L7oEzK1QWY="},"chainType":2,"messageKeys":{}},"BX2Vsl3MgTjCAnvsQydHeh884DzRXP6I6Maodhk/bDEv":{"chainKey":{"counter":-1,"key":"VD69wq1XXCFKGnqjPlNV6NWQAa+Lt1Us3TsjqLqW9do="},"chainType":1,"messageKeys":{}}}}},"version":"v1"}