{"_sessions":{"Be4slO/56oirbw2gACxEy7yI3OLECL9EJDvhox7WtFZY":{"registrationId":586063821,"currentRatchet":{"ephemeralKeyPair":{"pubKey":"BcRT64mUL//Lx9nJLLScuUbFc6K6Ns5vaKbUyNw2Hnl8","privKey":"cMwBnScHyQkK+2nK6RHukLnlbaQGKJkVmpcmDF4/W3g="},"lastRemoteEphemeralKey":"BRbkqj88jzQHZqHZnrr5XZWBxeGXL3/WH8jvYCz76ZtK","previousCounter":0,"rootKey":"vahEt5p59ECRTJx2a81fDpkNdinrGrUGSrD7lwQ0d/s="},"indexInfo":{"baseKey":"Be4slO/56oirbw2gACxEy7yI3OLECL9EJDvhox7WtFZY","baseKeyType":2,"closed":-1,"used":1758853353067,"created":1758853353067,"remoteIdentityKey":"BZTPiTi6Bj3ze7DfTNQ4y8pck+jvnySdcSZ7dVr/HjNx"},"_chains":{"BRbkqj88jzQHZqHZnrr5XZWBxeGXL3/WH8jvYCz76ZtK":{"chainKey":{"counter":0,"key":"p3dTALrJ6EF/vzMmOI4janQdkJ0Tlpwjk7EwT6C7NRM="},"chainType":2,"messageKeys":{}},"BcRT64mUL//Lx9nJLLScuUbFc6K6Ns5vaKbUyNw2Hnl8":{"chainKey":{"counter":-1,"key":"gIRwW8G6mgsfKtktQCUdntPFAsOU13+Q4cvqQ61BFMM="},"chainType":1,"messageKeys":{}}}}},"version":"v1"}