{"_sessions":{"BfKV7tfsVZx2cIHcSONrAM91x/dre4vbPnkz3vb07OEs":{"registrationId":1449674449,"currentRatchet":{"ephemeralKeyPair":{"pubKey":"BXq0af9Tl8AgayCPnJ8cdO10VIQ0aOHruf+gEKl2SCd7","privKey":"0ChUM+a2e1smN9OMsg5XzRuLmDAjvxesiYFWbShSD0Q="},"lastRemoteEphemeralKey":"BXTrJC6k84cajI4mIDGzZva09KpUUPSjmdcfkpQW2GVU","previousCounter":0,"rootKey":"wjIPJi1d15SdRQTtrNWX4XIuPNqNB8lDmvszH2FU60w="},"indexInfo":{"baseKey":"BfKV7tfsVZx2cIHcSONrAM91x/dre4vbPnkz3vb07OEs","baseKeyType":2,"closed":-1,"used":1758853087365,"created":1758853087365,"remoteIdentityKey":"BdJSsbX5LkZ+O6ETIgzigeiWzRTrLCn1N7FIEfNFZZlc"},"_chains":{"BXTrJC6k84cajI4mIDGzZva09KpUUPSjmdcfkpQW2GVU":{"chainKey":{"counter":0,"key":"2N+GNhUZ1rKVJrtNmGUQodLfnzI+gQSBrkwZV6UPXMI="},"chainType":2,"messageKeys":{}},"BXq0af9Tl8AgayCPnJ8cdO10VIQ0aOHruf+gEKl2SCd7":{"chainKey":{"counter":-1,"key":"Fo2iyag0wleD90jp4R3PQdn87mA4i1K0fzlnhdQ9bJg="},"chainType":1,"messageKeys":{}}}}},"version":"v1"}