{"_sessions":{"BQqsNwDEbhdPlu7FGqp+j8SNDk8PEDlQHGkMl+87YuU3":{"registrationId":1650474423,"currentRatchet":{"ephemeralKeyPair":{"pubKey":"BcTi6NPTyJXkhIp8W2Wnfb8W4fwP4U5SJ8pSMgDjtjEf","privKey":"WHJ0k36ELvbIBJx0BUEkiLJ0i0Df12U+BqZfhWLYjHc="},"lastRemoteEphemeralKey":"BWuJ9ZzDBmeK2RtmvNrV9Zsjuu7Ng4yIVdHNnjBvsp9R","previousCounter":0,"rootKey":"B/FwhCdYHW3o38s/XhPKnN+nHhVl5RGkDSC8VsQLcHw="},"indexInfo":{"baseKey":"BQqsNwDEbhdPlu7FGqp+j8SNDk8PEDlQHGkMl+87YuU3","baseKeyType":2,"closed":-1,"used":1758853348627,"created":1758853348627,"remoteIdentityKey":"BV7wq6Jk2/4XA9BxYt9dP18rROEv12Tq4ALEh1F987Zn"},"_chains":{"BWuJ9ZzDBmeK2RtmvNrV9Zsjuu7Ng4yIVdHNnjBvsp9R":{"chainKey":{"counter":0,"key":"hL4Mgl+G0so5s6qxCc+5Ahtv+e9y7K7E7tlryxbffe0="},"chainType":2,"messageKeys":{}},"BcTi6NPTyJXkhIp8W2Wnfb8W4fwP4U5SJ8pSMgDjtjEf":{"chainKey":{"counter":-1,"key":"WUwCOG38Hh2atMHvrrN+H0IyIdt/9XUKirWU61V4k/I="},"chainType":1,"messageKeys":{}}}}},"version":"v1"}