{"_sessions":{"BXj7zedI99L/kaz6WdKdWx9z5q8gHbaazKIgwRND6ol4":{"registrationId":1970772494,"currentRatchet":{"ephemeralKeyPair":{"pubKey":"BS0ULfJLp3WT0L2tkKzqTf2sBoNMUpay1jv05kanQfMQ","privKey":"eGl9DnW6qHzt9Qzlr/yzTZtYCYTq852LRffRNwFfvmY="},"lastRemoteEphemeralKey":"BfzCpPQQDCuuLRXp2ca4RroYFhYm61iKoV0N0G+ONutW","previousCounter":0,"rootKey":"bRTiT5Ah1YlwirRehsZTF5CWXlyqI35mbrznPHfODTQ="},"indexInfo":{"baseKey":"BXj7zedI99L/kaz6WdKdWx9z5q8gHbaazKIgwRND6ol4","baseKeyType":2,"closed":-1,"used":1758853087595,"created":1758853087595,"remoteIdentityKey":"BTgRyDZDa35a5dJpVdNLpNX+bSjR0iPkCgPmVUcvQYNf"},"_chains":{"BfzCpPQQDCuuLRXp2ca4RroYFhYm61iKoV0N0G+ONutW":{"chainKey":{"counter":0,"key":"qrbNT0GgrWgRgYOM78wyKEctONabzJXzqabeZWUpNcY="},"chainType":2,"messageKeys":{}},"BS0ULfJLp3WT0L2tkKzqTf2sBoNMUpay1jv05kanQfMQ":{"chainKey":{"counter":-1,"key":"HYVMSd2KMLqyUJK/oTV8Ajj/tozJuAlfGzEAZfoW64g="},"chainType":1,"messageKeys":{}}}}},"version":"v1"}