{"_sessions":{"BV3auh42Ba/bpoTKvrFpdrR1lPKoAxSBi9V6A0hR1Flk":{"registrationId":1161467074,"currentRatchet":{"ephemeralKeyPair":{"pubKey":"BUBO0EVSDEZI0EP23R9ItM6xRYDsFbO5IQY6wyrpE4R1","privKey":"mL+eh0YyzB55X3uiCpDJU82ciNJ4g6m/HXUlOVugi1M="},"lastRemoteEphemeralKey":"BcWTvaGo2jqYrKF49R7eYOYw7k73poCny3qbitDDrkgF","previousCounter":0,"rootKey":"h8RdEPBgIBb/Cs5OphugBu2HOZElBQ9XtIWo9LqorEY="},"indexInfo":{"baseKey":"BV3auh42Ba/bpoTKvrFpdrR1lPKoAxSBi9V6A0hR1Flk","baseKeyType":2,"closed":-1,"used":1758853087502,"created":1758853087502,"remoteIdentityKey":"BfwwOIMW+2X4Ih38d5j4HEL5RHS+EbYnu2VPLbd699x0"},"_chains":{"BcWTvaGo2jqYrKF49R7eYOYw7k73poCny3qbitDDrkgF":{"chainKey":{"counter":1,"key":"oO3xLuMQ/jh1lw8Poohj3/XsiODZvnogk9y/SQse9gc="},"chainType":2,"messageKeys":{}},"BUBO0EVSDEZI0EP23R9ItM6xRYDsFbO5IQY6wyrpE4R1":{"chainKey":{"counter":-1,"key":"GnbJtuVVRbG2ufPD9hqM/sefjuLJ5YtM3n6ZVoppa/c="},"chainType":1,"messageKeys":{}}}}},"version":"v1"}