{"_sessions":{"BU8rmE8HzmPR/dfVzKhgenKItqGOlc5XkSNU2MaoQrs7":{"registrationId":1236970571,"currentRatchet":{"ephemeralKeyPair":{"pubKey":"BWLGuVEQxY109kaKTF38y2O+M4AkbKBjMq/F6xzi71Rr","privKey":"yAzrVLj9rYcb3G+PHSXcWPJeLgowtKznIhBB8wqRUms="},"lastRemoteEphemeralKey":"Baijs7r4QtPzi2LfF3hUbT+BYxQl5YHVu6PXHb6ecH4u","previousCounter":0,"rootKey":"HjCIkQLNwDhb8eqAtmTZrl2Qv4pGzuYmZa2zr5brT9A="},"indexInfo":{"baseKey":"BU8rmE8HzmPR/dfVzKhgenKItqGOlc5XkSNU2MaoQrs7","baseKeyType":2,"closed":-1,"used":1758852629523,"created":1758852629523,"remoteIdentityKey":"BQukfkA+UrjhYr8Zl2WXcrh4xuhaxjFtUVDgfJfvjs5o"},"_chains":{"Baijs7r4QtPzi2LfF3hUbT+BYxQl5YHVu6PXHb6ecH4u":{"chainKey":{"counter":0,"key":"1xgw4nY/89r9dR42pNNw9OladG08aXmV4fKS/d7g5ok="},"chainType":2,"messageKeys":{}},"BWLGuVEQxY109kaKTF38y2O+M4AkbKBjMq/F6xzi71Rr":{"chainKey":{"counter":-1,"key":"zACDdnDDXSE5O472WMRxqQyKHelSZHn0hu8XuDfIqVA="},"chainType":1,"messageKeys":{}}}}},"version":"v1"}