{"_sessions":{"BcfTNMPl1+ZCdxikDtH8fv4mOkrU9M7DzF2geKv9Zwhc":{"registrationId":3644,"currentRatchet":{"ephemeralKeyPair":{"pubKey":"BXgv1PaHjOG6m0V6GScYo1qdd9wytjA7ZamoRfkItDVi","privKey":"wOvQOOmhLbxITQA5ZDC3PRypRjZOrUrfyXKeYiPTPHI="},"lastRemoteEphemeralKey":"BdeFNwpGdVbCAJHUJoIjnVPURwMgNgmvlhVymoXx89op","previousCounter":0,"rootKey":"vVme4N40ytLGIn0Bi94CSeGZ6MNvnJIRyDQNGqPoMAI="},"indexInfo":{"baseKey":"BcfTNMPl1+ZCdxikDtH8fv4mOkrU9M7DzF2geKv9Zwhc","baseKeyType":2,"closed":-1,"used":1758852634928,"created":1758852634928,"remoteIdentityKey":"BQVHHwf3adi9c3Si8wcbed2NG9lkUMTU/pQGtpvPOwhH"},"_chains":{"BdeFNwpGdVbCAJHUJoIjnVPURwMgNgmvlhVymoXx89op":{"chainKey":{"counter":1,"key":"YpdUu9LguXHNoN99mf3oJHii/OfKTgWq25ADXaQV9ss="},"chainType":2,"messageKeys":{}},"BXgv1PaHjOG6m0V6GScYo1qdd9wytjA7ZamoRfkItDVi":{"chainKey":{"counter":-1,"key":"Wsv2i+rm8b+DpZsxWd7ksZlx0+bUW21UGbU4+RLFKEM="},"chainType":1,"messageKeys":{}}}}},"version":"v1"}