{"_sessions":{"Bf2CvBONuqTTJTTx511eGTYXEh4+f+zLO1R2t0CP9Rlk":{"registrationId":32144095,"currentRatchet":{"ephemeralKeyPair":{"pubKey":"BQdjNHYvI8eSzhEnbe26O422eFEBp32dXZc8Vp/sIXBJ","privKey":"4JiJS2x47DNN4vmjA2aCMDw2O8MiVa8dvMqzYUnwyX0="},"lastRemoteEphemeralKey":"BZdJI5YjGFJUL/AJGsH5JDuJ1+25Or7uboV7vk9l6Sdv","previousCounter":0,"rootKey":"cCId1y3Hn7GYZh9CHrJf56ErcZ5UtiwctgCJvGq1F5g="},"indexInfo":{"baseKey":"Bf2CvBONuqTTJTTx511eGTYXEh4+f+zLO1R2t0CP9Rlk","baseKeyType":2,"closed":-1,"used":1758853314001,"created":1758853314001,"remoteIdentityKey":"BR61NEcxJ4nPVoY6TVn2QUTwvBQ4sfWPXwhdgtSH0slf"},"_chains":{"BZdJI5YjGFJUL/AJGsH5JDuJ1+25Or7uboV7vk9l6Sdv":{"chainKey":{"counter":0,"key":"mL/Ew1WLrYnWv9YhAxU4l7W6WmjUJrfrBKX8LNRFKCI="},"chainType":2,"messageKeys":{}},"BQdjNHYvI8eSzhEnbe26O422eFEBp32dXZc8Vp/sIXBJ":{"chainKey":{"counter":-1,"key":"HsE8/htyc0TBNqfCTK3HaiE7izByKgsIkF0kU77IT9o="},"chainType":1,"messageKeys":{}}}}},"version":"v1"}