{"_sessions":{"BR/NLXl9t1DNpmyqY0JgMNTR57HE6XGYwiRwDOVONfsw":{"registrationId":1904479008,"currentRatchet":{"ephemeralKeyPair":{"pubKey":"BUELAFL15emE3fUghHceSkeIXvCNu2mt/nZxjJEH7WVx","privKey":"AMkMIVt2a0MDYaJDYqDtajbvftQkHXVYesOoGVVKBnQ="},"lastRemoteEphemeralKey":"Be87l5VPF29mtxlZgJgKn5uBgsFoC1dI8aDmBwj+WhNi","previousCounter":0,"rootKey":"Cxk0FcIejpZEkdDuk4pYvJVAXpNQPR0VhgVcdhbgAHk="},"indexInfo":{"baseKey":"BR/NLXl9t1DNpmyqY0JgMNTR57HE6XGYwiRwDOVONfsw","baseKeyType":2,"closed":-1,"used":1758853377299,"created":1758853377299,"remoteIdentityKey":"BTEAPbx1QPype9lT+95Qnw1tSAw4v0ZC2GvBnmu1J3Uo"},"_chains":{"Be87l5VPF29mtxlZgJgKn5uBgsFoC1dI8aDmBwj+WhNi":{"chainKey":{"counter":0,"key":"8hICGr59B/Eld3S8xydCa8QkZC+KdCt69gEzLEvzjYE="},"chainType":2,"messageKeys":{}},"BUELAFL15emE3fUghHceSkeIXvCNu2mt/nZxjJEH7WVx":{"chainKey":{"counter":-1,"key":"XZoHmz+Z4ddNR0BxBDZezYrWB/bIq+PSupcPHMSPZNY="},"chainType":1,"messageKeys":{}}}}},"version":"v1"}