{"_sessions":{"BYhmqlq/CryBNBY9CSUj2d+6kbWNPdllGqH630sSp6k4":{"registrationId":268478670,"currentRatchet":{"ephemeralKeyPair":{"pubKey":"BdnJ78nQa7RCl2Qd7yrX8Wd5pe1ruqUQlIw20aNXQeN2","privKey":"MB+YxWCMORByZbYNNq6pyMHfQXY8ooIw26g6efxPTU0="},"lastRemoteEphemeralKey":"BYR8Ujv8BqpbpU45YxEHlxKUUwYFYe2XVTbTBE+EXbB8","previousCounter":0,"rootKey":"z5qgJyY+6sJEjr41wRPL8Y0LGFO9cF7DDpyPJleY/f4="},"indexInfo":{"baseKey":"BYhmqlq/CryBNBY9CSUj2d+6kbWNPdllGqH630sSp6k4","baseKeyType":2,"closed":-1,"used":1758853197086,"created":1758853197086,"remoteIdentityKey":"BaTSo3gynUp4+OB3bh3U4osO5XWI0AbxgL/jskkkA5oh"},"_chains":{"BYR8Ujv8BqpbpU45YxEHlxKUUwYFYe2XVTbTBE+EXbB8":{"chainKey":{"counter":1,"key":"CwwooLflT0QLKsXBbxiH+TsEOi+zz1PKumnUpnjWhms="},"chainType":2,"messageKeys":{}},"BdnJ78nQa7RCl2Qd7yrX8Wd5pe1ruqUQlIw20aNXQeN2":{"chainKey":{"counter":-1,"key":"5oH9Z58rN0uvUbVc7h+CmGfolNmOxDqhRZZj4VN4szI="},"chainType":1,"messageKeys":{}}}}},"version":"v1"}