{"_sessions":{"BTJo7HXfO0xxOUa1yaybKrh6mPqLnopSqEswphYePlVL":{"registrationId":430196805,"currentRatchet":{"ephemeralKeyPair":{"pubKey":"BW4gqi35Fjz5fKu9nk3O7hhz5IpTpNau0Jdp2Cweb/wo","privKey":"KF4w0Krwysw1B8VdW/7JDqzGQyEeBWABjlH2ankPcEc="},"lastRemoteEphemeralKey":"BVY8nPECTLEfhfOu1zqodaqxAfJacF2dYIPa6XlScsUK","previousCounter":0,"rootKey":"Uj7HOxO+BwFIB/4WHGRIqtIEC+uoKMlCtxzy2CKsdDY="},"indexInfo":{"baseKey":"BTJo7HXfO0xxOUa1yaybKrh6mPqLnopSqEswphYePlVL","baseKeyType":2,"closed":-1,"used":1758853255501,"created":1758853255501,"remoteIdentityKey":"BexQghpl8Qh9eDg9r9q2wWgEluxdpztP3B60bd43lIQ5"},"_chains":{"BVY8nPECTLEfhfOu1zqodaqxAfJacF2dYIPa6XlScsUK":{"chainKey":{"counter":0,"key":"oN6tjNuaITufnOxHPQaLsGa0zOzDA4UCRCrnkFwNtVU="},"chainType":2,"messageKeys":{}},"BW4gqi35Fjz5fKu9nk3O7hhz5IpTpNau0Jdp2Cweb/wo":{"chainKey":{"counter":-1,"key":"rF6ju1BCt+m2XV6aob+eXs01cakaFHYSsRtpc4HRBHo="},"chainType":1,"messageKeys":{}}}}},"version":"v1"}