{"_sessions":{"BXqJyQ8vdxTu1TboOtx8YubnCzaNrWESZufMH1MseoJo":{"registrationId":1741349975,"currentRatchet":{"ephemeralKeyPair":{"pubKey":"BV3AM1u9R6ET5m1Fe6cGNEx/GuXFXiTZkdibxvOc16AV","privKey":"gCUupFBzIDaN49tT+iHkpuhfnK1hH4d5xLe0+D/2DEk="},"lastRemoteEphemeralKey":"BRyvFTJ2clW8tTDKUDPHGuyUqe5Xya0DwIui9CEd6xVs","previousCounter":0,"rootKey":"Cbn7Xxe08+8HqXRRjeYi9iuZhwH7fGK8xM7CElgE8JQ="},"indexInfo":{"baseKey":"BXqJyQ8vdxTu1TboOtx8YubnCzaNrWESZufMH1MseoJo","baseKeyType":2,"closed":-1,"used":1758853322089,"created":1758853322089,"remoteIdentityKey":"BdGhLfXS+RRNncyJNzCDsIuGq01LGW17zhYp75BI8mBu"},"_chains":{"BRyvFTJ2clW8tTDKUDPHGuyUqe5Xya0DwIui9CEd6xVs":{"chainKey":{"counter":0,"key":"Giv2NRoMLTVEiWkS1TXee9+GqF2rnrjdrQBSKWqksKI="},"chainType":2,"messageKeys":{}},"BV3AM1u9R6ET5m1Fe6cGNEx/GuXFXiTZkdibxvOc16AV":{"chainKey":{"counter":-1,"key":"eDUl/0jEAq9W36C9PNuaHoIVrUpdaPA6eAr/V4T13pk="},"chainType":1,"messageKeys":{}}}}},"version":"v1"}