{"_sessions":{"Bazjv9NKKwdEwFsPcEBJwde5/VzZ2xH0UcSdC9rHdDgx":{"registrationId":457144566,"currentRatchet":{"ephemeralKeyPair":{"pubKey":"BWd0TWdrN0xq2QMj4rLF5bOz/rD3lfIHj3pFKG5s9TYG","privKey":"GENLpucpwxuIv6FV4RtbuuYEpG27kWh9mBz/L6UhuFA="},"lastRemoteEphemeralKey":"BaShVohamk6VWwB98JwbTZbUKHqzh5E+p9O5aI99DFB5","previousCounter":0,"rootKey":"y3XXjTMaAhdm8yDQiDb0Le/neCi7Yda/qV3VF6p8iI4="},"indexInfo":{"baseKey":"Bazjv9NKKwdEwFsPcEBJwde5/VzZ2xH0UcSdC9rHdDgx","baseKeyType":2,"closed":-1,"used":1758853238607,"created":1758853238607,"remoteIdentityKey":"BcnOtVcU+kY16tUlhxpwPV+DeEM3UBc06sTcKJWwfxNv"},"_chains":{"BaShVohamk6VWwB98JwbTZbUKHqzh5E+p9O5aI99DFB5":{"chainKey":{"counter":1,"key":"j9uOn2CgVNnfN3fyi0mnCWxurXOAnMYZ4HcNlWPNjWU="},"chainType":2,"messageKeys":{}},"BWd0TWdrN0xq2QMj4rLF5bOz/rD3lfIHj3pFKG5s9TYG":{"chainKey":{"counter":-1,"key":"oKBHr5MRrPc3Bn6c5OULM2gOpY0WBw5WqEjWaxZQ5ug="},"chainType":1,"messageKeys":{}}}}},"version":"v1"}