{"_sessions":{"BU8xEsNJEu8juSg/mFXNv29bJp0wKIu9jrreUmQiah9p":{"registrationId":150114486,"currentRatchet":{"ephemeralKeyPair":{"pubKey":"Bb01rVTqGOOg9bHtza25/XAwGS2nk/ddPEX8qHZ/TWsl","privKey":"+EaJmRAP/WmDUiCniDfkkBYoWnY1ZuxyNvOIVMDadHc="},"lastRemoteEphemeralKey":"BfyajrLtjWulUdcM2QlOgiLtadEcM9jCoBxjdsEEUW16","previousCounter":0,"rootKey":"+z2/DcywvrZATp5l0m/WvUiyWe1odVo9ImijxKmaLz8="},"indexInfo":{"baseKey":"BU8xEsNJEu8juSg/mFXNv29bJp0wKIu9jrreUmQiah9p","baseKeyType":2,"closed":-1,"used":1758853260072,"created":1758853260072,"remoteIdentityKey":"BbKhInR+/Q+Tbwp3tnJqkUNnAcMLcohJRrwUjzX/M/l5"},"_chains":{"BfyajrLtjWulUdcM2QlOgiLtadEcM9jCoBxjdsEEUW16":{"chainKey":{"counter":0,"key":"vDKN46mIlZEMyywTFZouRneqv9CXPM83g8aMhAfnU7U="},"chainType":2,"messageKeys":{}},"Bb01rVTqGOOg9bHtza25/XAwGS2nk/ddPEX8qHZ/TWsl":{"chainKey":{"counter":-1,"key":"PgB7ngiPVsIXuAcXUrVM2dvjc/n1fkB3joV7ctgrToE="},"chainType":1,"messageKeys":{}}}}},"version":"v1"}