{"_sessions":{"Bd37iHamALoJRHPVDF++FraYi/WpdC/l2P+ZsrHyzbc6":{"registrationId":11992,"currentRatchet":{"ephemeralKeyPair":{"pubKey":"BXAeeQsazfhDE9pMflf+/m3CYxjKzhTXtNoxC01hGIx7","privKey":"EO6adoi/2B56m2+1mHiX8YhZIFPhxVPAtoqRDAn02ls="},"lastRemoteEphemeralKey":"BYeU9AZGnhdU0TZH7hPRNJSz/n71x1bo0m2TxuJsxIdL","previousCounter":0,"rootKey":"AlsU2pvpt1EikAoTVoYzBYkmxJ6TVfKr4pc3oWCgVdE="},"indexInfo":{"baseKey":"Bd37iHamALoJRHPVDF++FraYi/WpdC/l2P+ZsrHyzbc6","baseKeyType":2,"closed":-1,"used":1758853123418,"created":1758853123418,"remoteIdentityKey":"BZV/QNoT0np7sRMmCYrzB7/SP6qbWGo2ZrifJdfjrqU8"},"_chains":{"BYeU9AZGnhdU0TZH7hPRNJSz/n71x1bo0m2TxuJsxIdL":{"chainKey":{"counter":1,"key":"coD5AXJ/1kyogb2tABUh0Qme/jmhorcepdnvnHUc1ec="},"chainType":2,"messageKeys":{}},"BXAeeQsazfhDE9pMflf+/m3CYxjKzhTXtNoxC01hGIx7":{"chainKey":{"counter":-1,"key":"oZvtRRebqeVutTlfMeM8UmAxAUh+X9Rg/h27LSp1KvA="},"chainType":1,"messageKeys":{}}}}},"version":"v1"}