{"_sessions":{"BRKbCbnd7CKPGohg+TjsdcCYDaP3UpFXO/P2ARCgWKc3":{"registrationId":191128599,"currentRatchet":{"ephemeralKeyPair":{"pubKey":"BcD8OwdcxZEtKZ8MZGw9kd316JjZ6dg4Qlsa1Eu6NaF5","privKey":"0Kw52SIN+cvkFMDCqdxmtH96shihgj+au0mGT2Q5aE4="},"lastRemoteEphemeralKey":"BfibrNlwnrExq/9DGHnzPICvDykv0lrvZdSqgGZvD0og","previousCounter":0,"rootKey":"YhAv2xrMd3lEEc045g3nrCMRB7SHMl4BslQ55T5kqNU="},"indexInfo":{"baseKey":"BRKbCbnd7CKPGohg+TjsdcCYDaP3UpFXO/P2ARCgWKc3","baseKeyType":2,"closed":-1,"used":1758853237838,"created":1758853237838,"remoteIdentityKey":"BUu7HXuqilVhlRJB+NnZI1ETEKvx4JMVANC/3R0FpNIO"},"_chains":{"BfibrNlwnrExq/9DGHnzPICvDykv0lrvZdSqgGZvD0og":{"chainKey":{"counter":0,"key":"kL0gctls4/+IHLa4Kft8dmohHT41oYEXhkQ6GGLsAK4="},"chainType":2,"messageKeys":{}},"BcD8OwdcxZEtKZ8MZGw9kd316JjZ6dg4Qlsa1Eu6NaF5":{"chainKey":{"counter":-1,"key":"cRFciIC84OpLJy5kU8G//a7zc9KTaRbrvgg9FJAQqCE="},"chainType":1,"messageKeys":{}}}}},"version":"v1"}