{"_sessions":{"BSEk6j1O10otLSbv0gksOSrD1nPjqR8Y4o07LAYdIQ5H":{"registrationId":1344748197,"currentRatchet":{"ephemeralKeyPair":{"pubKey":"BdsX/8dC8OxpeCWCbrGVTQWf5Qa2TrUFVYERcxISCu0Y","privKey":"8F+xuWP4WXSbV0eYMMMeNRcOYYtEWJSc8eqxQWvo8G8="},"lastRemoteEphemeralKey":"BdJjvDGQ46rsp/qAZyMM9DWBtFX0WhBkMb4IXS6gKgwH","previousCounter":0,"rootKey":"FzWMA8dXzQhiXs1AFeXGWW2KOpVtKiKCj1rq8xbngJI="},"indexInfo":{"baseKey":"BSEk6j1O10otLSbv0gksOSrD1nPjqR8Y4o07LAYdIQ5H","baseKeyType":2,"closed":-1,"used":1758853225461,"created":1758853225461,"remoteIdentityKey":"BX/tQ3KIZKcZoxVL7XhdEGhtzwbNuSMp/oDKHGaWsoQQ"},"_chains":{"BdJjvDGQ46rsp/qAZyMM9DWBtFX0WhBkMb4IXS6gKgwH":{"chainKey":{"counter":0,"key":"QjfCCT0cN/Vm+5pNfrQ8TbQYQ8WkrcmcvkLa8IodVrE="},"chainType":2,"messageKeys":{}},"BdsX/8dC8OxpeCWCbrGVTQWf5Qa2TrUFVYERcxISCu0Y":{"chainKey":{"counter":-1,"key":"/DTn2wv7x/CJzL+GZNqvD9zXakhvAvHtXFz1aJLvc+w="},"chainType":1,"messageKeys":{}}}}},"version":"v1"}