{"_sessions":{"BU/quCjNw4UgF0ux6b1VZKmS3HqJHgYv/nyh8zabNipz":{"registrationId":501317433,"currentRatchet":{"ephemeralKeyPair":{"pubKey":"BaEUkZOdJ6QqWA8fujCijEqgxlguuIJmto+n3dIDO6dN","privKey":"aFaNzFA1UVYtS+NVNnm0E+o5jldRujqpz0Kf0yCEVXg="},"lastRemoteEphemeralKey":"BS2YmlYxeXLVeHaoTvB6JOBVBjdOZL0/Jk1jx+rg58xN","previousCounter":0,"rootKey":"zjf2YqZQhTpxV5sYKv/17URqPsW7pA/AWW//hO4HvEE="},"indexInfo":{"baseKey":"BU/quCjNw4UgF0ux6b1VZKmS3HqJHgYv/nyh8zabNipz","baseKeyType":2,"closed":-1,"used":1758852642968,"created":1758852642968,"remoteIdentityKey":"BRjeomUuaCzPy8qmyNFwLsXQyLaa2Kuy6dW/RHco9jYt"},"_chains":{"BS2YmlYxeXLVeHaoTvB6JOBVBjdOZL0/Jk1jx+rg58xN":{"chainKey":{"counter":0,"key":"LoJ2MAk1Q2f2AktAkpmtI+reyp6BJY3sZWF3qRjmYtY="},"chainType":2,"messageKeys":{}},"BaEUkZOdJ6QqWA8fujCijEqgxlguuIJmto+n3dIDO6dN":{"chainKey":{"counter":-1,"key":"VogsbLuUgCJwkfjSB5eFuOesydamz7vE6V6OZSlgFVA="},"chainType":1,"messageKeys":{}}}}},"version":"v1"}