{"_sessions":{"Ba1gUMvjj9SJhOiQi+3ZMIQwzGJ2jp/ZdeJ6Yy4sMxwc":{"registrationId":1904301087,"currentRatchet":{"ephemeralKeyPair":{"pubKey":"BenJFmHC4hxR5aebrHyZsHlWNi89yOXW8i8wYZQkQu97","privKey":"cNZHnbKn4woPBaAY/lorjLsi+SfSdZCNjsr9r/QK1WE="},"lastRemoteEphemeralKey":"BUPG/xKv6tvVSHga+sAIUQnSHZUIU6Y9Ak2v0Z83TRgj","previousCounter":0,"rootKey":"snE9TWjurExOfZfhVv8J0MWWg1+aGkGNWZVUX7sGZo8="},"indexInfo":{"baseKey":"Ba1gUMvjj9SJhOiQi+3ZMIQwzGJ2jp/ZdeJ6Yy4sMxwc","baseKeyType":2,"closed":-1,"used":1758853355700,"created":1758853355700,"remoteIdentityKey":"BYhEX8xDyKNWmQo3WUlUjjNTplt3jTJUlnMaHFAKlA5N"},"_chains":{"BUPG/xKv6tvVSHga+sAIUQnSHZUIU6Y9Ak2v0Z83TRgj":{"chainKey":{"counter":0,"key":"XWdi8iIvpo0uUtqreK6HX9kfRSIfvb3YDzwlv00DwV0="},"chainType":2,"messageKeys":{}},"BenJFmHC4hxR5aebrHyZsHlWNi89yOXW8i8wYZQkQu97":{"chainKey":{"counter":-1,"key":"LbCv0WL+azB+eEp0l0S8jGjqshfBI6RdWo+M6M4UEEY="},"chainType":1,"messageKeys":{}}}}},"version":"v1"}