{"_sessions":{"BTHd/Tv80WVS4nNsrItqDoxEGcsSfBUwx4B9fMhWpcZ1":{"registrationId":1758353417,"currentRatchet":{"ephemeralKeyPair":{"pubKey":"BS0G9ctcEFSDd3e0K3RoJI83VyqCfxik108QmsYK7UIb","privKey":"IPkpCwyy1TytgydtwyRbBhDN65/YUYS29qWk4vYTvUo="},"lastRemoteEphemeralKey":"BVlKY/FGM0KB3oJjZr95dEZ4sqanlK4EQaxOpz4Hw39X","previousCounter":0,"rootKey":"oY3CwvTprvpnvbMnRmF2iDx5gvBPQxfmuzI+3Fp2C+8="},"indexInfo":{"baseKey":"BTHd/Tv80WVS4nNsrItqDoxEGcsSfBUwx4B9fMhWpcZ1","baseKeyType":2,"closed":-1,"used":1758853231814,"created":1758853231814,"remoteIdentityKey":"BfvhZB0CHaYI01Se42RtWSY5vO0shMofI3ojSrHp6Nlf"},"_chains":{"BVlKY/FGM0KB3oJjZr95dEZ4sqanlK4EQaxOpz4Hw39X":{"chainKey":{"counter":1,"key":"w/J1X31EuVufksRJ05rmxArxPiFSBdU17b3Bm+oK2kU="},"chainType":2,"messageKeys":{}},"BS0G9ctcEFSDd3e0K3RoJI83VyqCfxik108QmsYK7UIb":{"chainKey":{"counter":-1,"key":"LfqU+A6ILDh/biOwVu0sWiVjS/ccBCla9aepCjfp6YI="},"chainType":1,"messageKeys":{}}}}},"version":"v1"}