{"_sessions":{"BVAtsX5B/vwdmTaww4+oyvdNyMivvj32PFJsCeyRoEZP":{"registrationId":417611027,"currentRatchet":{"ephemeralKeyPair":{"pubKey":"BXS1Iu3tSVYi2VEoQ4c3ztNbfdxI8kW0oACOEvYFTpY/","privKey":"QFrEu0WIrB6XR/QlOOW9OWclRj4oAmlTAUSJ7P9t22M="},"lastRemoteEphemeralKey":"Ba1u5kvFUVtH+EOtHfR8zYiEn5S99qgNc28HOxYB6+4O","previousCounter":0,"rootKey":"cECpiVZXcBaapm/87fwkACsnoXN/qVisOwQJ3L0v2Dw="},"indexInfo":{"baseKey":"BVAtsX5B/vwdmTaww4+oyvdNyMivvj32PFJsCeyRoEZP","baseKeyType":2,"closed":-1,"used":1758853233293,"created":1758853233293,"remoteIdentityKey":"BXXAU+BO1IzAG9t7a4ov3lYNzussPJPcl1KLQFanPNJu"},"_chains":{"Ba1u5kvFUVtH+EOtHfR8zYiEn5S99qgNc28HOxYB6+4O":{"chainKey":{"counter":1,"key":"avQpOOoc7HPVPYw1OzEnRXhLuBvawADyeAnASmdqzX4="},"chainType":2,"messageKeys":{}},"BXS1Iu3tSVYi2VEoQ4c3ztNbfdxI8kW0oACOEvYFTpY/":{"chainKey":{"counter":-1,"key":"L+mKre1Rw6AEL9oSNrooEWapg92fdOMdvNS2Pv+QA60="},"chainType":1,"messageKeys":{}}}}},"version":"v1"}