{"_sessions":{"Bac3Xe5B4AY23e3HMG+yWFhuV+EqpGANGPSt+lwIvZkS":{"registrationId":1742666064,"currentRatchet":{"ephemeralKeyPair":{"pubKey":"BUrhITgAd0BRuW9KSoT/mnBJkultXcAREJIzKask21JS","privKey":"wE0z/ALwap3e7RPP3PMC6t1FotsKFZho6XoSd0jipFk="},"lastRemoteEphemeralKey":"BRlq+OHt9UbgWOCYEhczMvVYzlsPj9Hy5WSe4sOH7vJF","previousCounter":0,"rootKey":"VMNj9FTSta/Ti06CYcPHKm9yfACJ0t0kEGbnQ227ldo="},"indexInfo":{"baseKey":"Bac3Xe5B4AY23e3HMG+yWFhuV+EqpGANGPSt+lwIvZkS","baseKeyType":2,"closed":-1,"used":1758853350857,"created":1758853350857,"remoteIdentityKey":"BXlNrLain/0I/Y17cbO79cm2GJZ6BhpTJn+4DPpejoIc"},"_chains":{"BRlq+OHt9UbgWOCYEhczMvVYzlsPj9Hy5WSe4sOH7vJF":{"chainKey":{"counter":0,"key":"oD1c7jFt/4krJAWLgauBU51du1oQWyC89mafmQjPAs8="},"chainType":2,"messageKeys":{}},"BUrhITgAd0BRuW9KSoT/mnBJkultXcAREJIzKask21JS":{"chainKey":{"counter":-1,"key":"zwPwsnEov8IY14p21e/4KG71+PF1QOK80ocuB+J+wW0="},"chainType":1,"messageKeys":{}}}}},"version":"v1"}