{"_sessions":{"BWB+2o2fSi31lmzwvCNIIqvRfSwlK1ak+04PxebWtGhM":{"registrationId":1885325226,"currentRatchet":{"ephemeralKeyPair":{"pubKey":"BVg4IysJ5M4P8Dzk9IwrKCf2iaU/upIqA9cJaJXEsske","privKey":"wNpbJMi7LV0RQKy6maTo4EqrGAvSSQ/q6w9CAv2vqmM="},"lastRemoteEphemeralKey":"BSwDTYC6ObPxEE38Zz37kM1coe9ZiLUWud2Bf2KOB0M/","previousCounter":0,"rootKey":"yzoxIXOaQRoXxXR7dvgXceh6rhcJVXIeMKPISoOuPHY="},"indexInfo":{"baseKey":"BWB+2o2fSi31lmzwvCNIIqvRfSwlK1ak+04PxebWtGhM","baseKeyType":2,"closed":-1,"used":1758853362362,"created":1758853362362,"remoteIdentityKey":"BeXLKg3ogVkNefFCT2bcEo2iiZaa9pdtZvHqt6FJfDQn"},"_chains":{"BSwDTYC6ObPxEE38Zz37kM1coe9ZiLUWud2Bf2KOB0M/":{"chainKey":{"counter":0,"key":"RTFMCcOw6De3Bb/5XVI2Min6Fx9laWuEAT3DOr7AlaM="},"chainType":2,"messageKeys":{}},"BVg4IysJ5M4P8Dzk9IwrKCf2iaU/upIqA9cJaJXEsske":{"chainKey":{"counter":-1,"key":"404FeiXoB5Xd2LNyoxKQFRMtL/sIxVjFH5ec8inR6lE="},"chainType":1,"messageKeys":{}}}}},"version":"v1"}