{"_sessions":{"BZfBMwOWk1qXihRf2elY+szNK0LBZRK7YzUR+b0JMDdS":{"registrationId":53333539,"currentRatchet":{"ephemeralKeyPair":{"pubKey":"BeOlUnax4RGjM4020MQ0E5JiJKcNwa6pQmwmgkYE87hn","privKey":"aDb8Zc30eGJdCOiYXx0bmvta9GkWPTgf9ADRrvVVomg="},"lastRemoteEphemeralKey":"BSQDF6IVCBg93MY1wYcoVpkWLzZPThptPFgzgzV9a5tA","previousCounter":0,"rootKey":"qCTiZltnPysV8yjf0BRdd9CtZ+1TVZb5B+NhFb0yGNk="},"indexInfo":{"baseKey":"BZfBMwOWk1qXihRf2elY+szNK0LBZRK7YzUR+b0JMDdS","baseKeyType":2,"closed":-1,"used":1758853087529,"created":1758853087529,"remoteIdentityKey":"BfCAjK5yjTHdii1xlVCCnodCfrJIXeH+QdxvV6mdY/1u"},"_chains":{"BSQDF6IVCBg93MY1wYcoVpkWLzZPThptPFgzgzV9a5tA":{"chainKey":{"counter":1,"key":"rI3uQ7WkBeOAub7awcs16Kr+RGGCS0GWezIHI9u2sCA="},"chainType":2,"messageKeys":{}},"BeOlUnax4RGjM4020MQ0E5JiJKcNwa6pQmwmgkYE87hn":{"chainKey":{"counter":-1,"key":"2z5Xd+2JzNRTCQq4LK4obkIMOzxMdrNlfxCMIglio+Y="},"chainType":1,"messageKeys":{}}}}},"version":"v1"}