{"_sessions":{"BT6cJIvZ05vWDhsMIN+x8bbkv2+cFMBVBNSRgfYyS9YD":{"registrationId":1255557202,"currentRatchet":{"ephemeralKeyPair":{"pubKey":"BZl0nXeLEV7VS39UmftYoo8FNp3UdMrYanOrT74IJX8o","privKey":"QOYTwCim5SlnrBfWgkRJHOh7J+h/Sc2cjNBnRnP57Vk="},"lastRemoteEphemeralKey":"Bdh+ktF/Cn/BvssjB3oBpPcGWOJlMosgeTPjGgcdr/8n","previousCounter":0,"rootKey":"4WHvYr21NmnFoX0cBMK3SdM2fayPyYEsnGTf3nbkE64="},"indexInfo":{"baseKey":"BT6cJIvZ05vWDhsMIN+x8bbkv2+cFMBVBNSRgfYyS9YD","baseKeyType":2,"closed":-1,"used":1757559759944,"created":1757559759944,"remoteIdentityKey":"BUavSmZ10TcyK7XXk+l2bGtBskqwZmuZpkfiwFwT1mdA"},"_chains":{"Bdh+ktF/Cn/BvssjB3oBpPcGWOJlMosgeTPjGgcdr/8n":{"chainKey":{"counter":2,"key":"aQ9PSed07q2trDvLJwhT0y/bWylpEvWyOYkjWG2lwC0="},"chainType":2,"messageKeys":{}},"BZl0nXeLEV7VS39UmftYoo8FNp3UdMrYanOrT74IJX8o":{"chainKey":{"counter":-1,"key":"adC4rjVDojztNmTSgdeyi1nB2m7j+iwlULZGAoO5Oi0="},"chainType":1,"messageKeys":{}}}}},"version":"v1"}