{"_sessions":{"BUNubwIeeJpdHLMVffaLTgULn4+Em7zanHH86k3nimJR":{"registrationId":402199623,"currentRatchet":{"ephemeralKeyPair":{"pubKey":"BRGr7b6okugUOPaWx24pVRcU8OeCfeBmtUcr29LHc95s","privKey":"6F6/AkvCJoocWKHLhGO4Bp1X29Brz7+cZEHRo/SvW1g="},"lastRemoteEphemeralKey":"BcWIvIjZXjG5usbMbZv3JYAGYfrz65Q61x69IIGxLNZX","previousCounter":0,"rootKey":"p0SeBaxabJXC404Cn1Oh4DsqlSIRI+D2BZPcv0A6Ims="},"indexInfo":{"baseKey":"BUNubwIeeJpdHLMVffaLTgULn4+Em7zanHH86k3nimJR","baseKeyType":2,"closed":-1,"used":1758853298943,"created":1758853298943,"remoteIdentityKey":"BWv2D7pqmJOglGTAIrCFqJsq84e3wFEnB8Ai29sS6pB2"},"_chains":{"BcWIvIjZXjG5usbMbZv3JYAGYfrz65Q61x69IIGxLNZX":{"chainKey":{"counter":0,"key":"LLey1c+A2/rSazVu/xSDuZ1IFUGhYpMqD95GAHHcK6E="},"chainType":2,"messageKeys":{}},"BRGr7b6okugUOPaWx24pVRcU8OeCfeBmtUcr29LHc95s":{"chainKey":{"counter":-1,"key":"zAVeS/qTiYfTRCbQ8tpW4pIgcoEFS/Ar+ZhSciitx6M="},"chainType":1,"messageKeys":{}}}}},"version":"v1"}