{"_sessions":{"BWdvlh9/mElI0ijCvPoJysdp6cc1YwqLfvSfrF6gUdZr":{"registrationId":716826442,"currentRatchet":{"ephemeralKeyPair":{"pubKey":"BU5QhPn9n5ArC6BV2RPOQxkloETDaoPnbx1rYZssqHs1","privKey":"qE4yfQaLG4HN/ddhELwelaIYZUN9Z47nI1ER7jS9Y1Q="},"lastRemoteEphemeralKey":"BY1SRChV/z4U8/NcaPnvvWAs22FCHQ1sUJZfC0Dp5GIi","previousCounter":0,"rootKey":"JC5LIYkuD8E3EnOif5x3eEBHIlm4EvxRBx15fUz6V0Q="},"indexInfo":{"baseKey":"BWdvlh9/mElI0ijCvPoJysdp6cc1YwqLfvSfrF6gUdZr","baseKeyType":2,"closed":-1,"used":1758853257536,"created":1758853257536,"remoteIdentityKey":"BbORuI7GcJG5gLgXxHgCtd1aj3O8cEbLlEqItrN9+LZs"},"_chains":{"BY1SRChV/z4U8/NcaPnvvWAs22FCHQ1sUJZfC0Dp5GIi":{"chainKey":{"counter":0,"key":"OrYGh546Ntqq5t6+yhV3W8qbwRDS6Xt9GxVAKhSwQvQ="},"chainType":2,"messageKeys":{}},"BU5QhPn9n5ArC6BV2RPOQxkloETDaoPnbx1rYZssqHs1":{"chainKey":{"counter":-1,"key":"VsxM7y5ZxhxUNnqO3yPn3J2mmjn0bxN+DSQH/UoOQYo="},"chainType":1,"messageKeys":{}}}}},"version":"v1"}