{"_sessions":{"BR0MtgZXIlR92SqomwBi18TMBjBK8gLKgcvSmQerfq5S":{"registrationId":410569481,"currentRatchet":{"ephemeralKeyPair":{"pubKey":"BXG2g6pKJFqKaWLXTUq6vsrcEreDGc9xILKTCEYfeY8L","privKey":"cCE2MQPfTsvFYUx4x4dRWxTS8KAV0jpqJl5L6eJkY3c="},"lastRemoteEphemeralKey":"BU++kP/ZjmcVt1ncFf6xtP7Z3cBBwoFj7zxYnWRkm5Qj","previousCounter":0,"rootKey":"T48kDUiiRqeHJg+OWxVuHuxdw08ELVHhMwYRhT5W/hs="},"indexInfo":{"baseKey":"BR0MtgZXIlR92SqomwBi18TMBjBK8gLKgcvSmQerfq5S","baseKeyType":2,"closed":-1,"used":1758853087606,"created":1758853087606,"remoteIdentityKey":"BUPKhJfU44CgWrdM7a8z/OtkRhVvCRBKPyDNC8LyHLcD"},"_chains":{"BU++kP/ZjmcVt1ncFf6xtP7Z3cBBwoFj7zxYnWRkm5Qj":{"chainKey":{"counter":0,"key":"SvgvfhE4apePFX3nmZdxuvR042S0Cm+TYY+IllGrn60="},"chainType":2,"messageKeys":{}},"BXG2g6pKJFqKaWLXTUq6vsrcEreDGc9xILKTCEYfeY8L":{"chainKey":{"counter":-1,"key":"DCXV5mchVxH1GIInitsG6odjsNyeocXBAwLwrXWjTYs="},"chainType":1,"messageKeys":{}}}}},"version":"v1"}