{"_sessions":{"BdH900KSQj14tZ6VvtCVf0B4ucSXJBd2NV4b/k79OS8Y":{"registrationId":757259389,"currentRatchet":{"ephemeralKeyPair":{"pubKey":"BVzz0M/lLRPp0mTassTlz+WNM4V57HWrDJxw/j+uCxYS","privKey":"OIX3MQioG/XvG/Bqbo7S8tRTyDMmZhGngdT3fCNUm1w="},"lastRemoteEphemeralKey":"BdkZx04AwOwrikrUlQ0OTdJFrGFG4hAHwGd4zjQoVRgz","previousCounter":0,"rootKey":"ZFbr7hWqHGiz2zqsThGNnucc83ELBG9PXvnUw8LvJF8="},"indexInfo":{"baseKey":"BdH900KSQj14tZ6VvtCVf0B4ucSXJBd2NV4b/k79OS8Y","baseKeyType":2,"closed":-1,"used":1758853087135,"created":1758853087135,"remoteIdentityKey":"BWE9+4afjUIfCpcjTdn64rGb7O7CfPfqFRFqZYA3KVRN"},"_chains":{"BdkZx04AwOwrikrUlQ0OTdJFrGFG4hAHwGd4zjQoVRgz":{"chainKey":{"counter":0,"key":"mqrhYMemxItGJciALRw+/8OjkUFfEJbWa2Ij/wTrWz4="},"chainType":2,"messageKeys":{}},"BVzz0M/lLRPp0mTassTlz+WNM4V57HWrDJxw/j+uCxYS":{"chainKey":{"counter":-1,"key":"QR3jsJ8W4WkHbxXwOSY/384EBg1rA3gw6GWdQ1mNATs="},"chainType":1,"messageKeys":{}}}}},"version":"v1"}