{"_sessions":{"BYPBORONZjKngBJrPMbDcXA0hz2eZg+kGL+GjPoAQG0f":{"registrationId":446520881,"currentRatchet":{"ephemeralKeyPair":{"pubKey":"BeIVjsqV5Irp3hdIH/2TLeoT+0BtGxdJU9Y45rVIjmUI","privKey":"WH21jJWO+GKqDtbT+zDW4NJBCgnglWeYzJQ7ZSD+610="},"lastRemoteEphemeralKey":"BShv0lrCJxvgzhuLvcRrpKQXfU29POsadCsWc1WX9Cw5","previousCounter":0,"rootKey":"4A+pJaqYPje5GfalxEfTptp1ZAEbA198t9T4CArfXJk="},"indexInfo":{"baseKey":"BYPBORONZjKngBJrPMbDcXA0hz2eZg+kGL+GjPoAQG0f","baseKeyType":2,"closed":-1,"used":1758853307086,"created":1758853307086,"remoteIdentityKey":"BRI7lQVv6HxLdp+QF1QsWTV7X2KKx56ON50t9jE+r2dL"},"_chains":{"BShv0lrCJxvgzhuLvcRrpKQXfU29POsadCsWc1WX9Cw5":{"chainKey":{"counter":0,"key":"Dy6y+/0OmE1fHv74aaX0r2lFsfnmaPzORwYioKqvjYo="},"chainType":2,"messageKeys":{}},"BeIVjsqV5Irp3hdIH/2TLeoT+0BtGxdJU9Y45rVIjmUI":{"chainKey":{"counter":-1,"key":"Z1x/1ceW0hYwyCYvQL351WfwGKpLD7eunhupIt5881w="},"chainType":1,"messageKeys":{}}}}},"version":"v1"}