{"_sessions":{"BUg+WCwz3o8+oZlovZ+LHrdzLPbPh4FzQrpuqyu/kfVW":{"registrationId":1450550521,"currentRatchet":{"ephemeralKeyPair":{"pubKey":"BaHpBSJGvcc9j7BW1rxCshzf+RmsChC/0xj9RPXme5Fc","privKey":"4JACZuEcLalMT2bZ6BWNU60yUjty+Y4gSmDD2IbiXmM="},"lastRemoteEphemeralKey":"BXgaLoUGLDk73nbBfEtrTvn29H5e6kTd2TAX7md3My92","previousCounter":0,"rootKey":"7BUmFNmM1EcpKw5UyvQE4r1Xdn/ADHnutRjLMgG1+lk="},"indexInfo":{"baseKey":"BUg+WCwz3o8+oZlovZ+LHrdzLPbPh4FzQrpuqyu/kfVW","baseKeyType":2,"closed":-1,"used":1758853265136,"created":1758853265136,"remoteIdentityKey":"BdmBVN8HyVbCUZf2X0la07R4EXZq7sLVhKEF9WfUzP07"},"_chains":{"BXgaLoUGLDk73nbBfEtrTvn29H5e6kTd2TAX7md3My92":{"chainKey":{"counter":0,"key":"WYtjGCL4qSfUcyFtib27mMJ+WpFL9k3Wy6NIdwFUaE4="},"chainType":2,"messageKeys":{}},"BaHpBSJGvcc9j7BW1rxCshzf+RmsChC/0xj9RPXme5Fc":{"chainKey":{"counter":-1,"key":"EnrmYX63ytFnd11E9AgYjRG7vcl7YEI0aC6dGwnU9gU="},"chainType":1,"messageKeys":{}}}}},"version":"v1"}