{"_sessions":{"BbXbv9HeruXwSKk4HvmpRHLmMvyMDNK6pXH9M5Joj4he":{"registrationId":798328545,"currentRatchet":{"ephemeralKeyPair":{"pubKey":"BeaGQL9eLz7j3YQioD0t60gdUyQPfyQhYhNpuY2LRDoy","privKey":"2Bwem9eesy7vtCQVVd7aP8L64GBL86QVA3bB1lYpLmw="},"lastRemoteEphemeralKey":"BT8qnWO7j7SKEFfKy/Axnj7ncWThr5da08Oz1NPau3YA","previousCounter":0,"rootKey":"Z173smUbtny4J7wt0Bn4VY01PUdbUF+VZBMaZOcq84o="},"indexInfo":{"baseKey":"BbXbv9HeruXwSKk4HvmpRHLmMvyMDNK6pXH9M5Joj4he","baseKeyType":2,"closed":-1,"used":1758853264747,"created":1758853264747,"remoteIdentityKey":"Bevl0KPA9SVJwhnvmWsNWmB/Z/bT/csTDQKxWpGLhXc7"},"_chains":{"BT8qnWO7j7SKEFfKy/Axnj7ncWThr5da08Oz1NPau3YA":{"chainKey":{"counter":0,"key":"xSgkiNJ+Fbk6Or7Rhn9FbOcvuTcrbPTLW5bLa0X4fKE="},"chainType":2,"messageKeys":{}},"BeaGQL9eLz7j3YQioD0t60gdUyQPfyQhYhNpuY2LRDoy":{"chainKey":{"counter":-1,"key":"UlqSSlUTT/hJvKbg1Ki7KPbi/Bfx4D7El6WQPRgpCNE="},"chainType":1,"messageKeys":{}}}}},"version":"v1"}