{"_sessions":{"BYapwCO8R6owbcqflr8JPZoYjE1XCEl7TGfVVnnUOL0v":{"registrationId":699286270,"currentRatchet":{"ephemeralKeyPair":{"pubKey":"BXvjCF9fN1D/76jSF39yFw9bBOHJghhj69+OlpWMomxp","privKey":"EDC9Wg6l9L1E9rnl+7T/ZQtqahRDtZ+hReS5gEZB9WE="},"lastRemoteEphemeralKey":"BdBcljpN+DwCuLvjg4Bn8jZAHTZXOBk1ZR1UhH4tbWxZ","previousCounter":0,"rootKey":"DDqw/Dn9nMffAHqn4Twy/gZDl3ack1Ok75nS98fMdMs="},"indexInfo":{"baseKey":"BYapwCO8R6owbcqflr8JPZoYjE1XCEl7TGfVVnnUOL0v","baseKeyType":1,"closed":-1,"used":1758852637237,"created":1758852637237,"remoteIdentityKey":"BUBEKhR//9gU9+73vD18NMY50U0zagj6mih/2pr3G90E"},"_chains":{"BXvjCF9fN1D/76jSF39yFw9bBOHJghhj69+OlpWMomxp":{"chainKey":{"counter":0,"key":"K4xrvTn4wTP48xrtek71+iQizq992sJj6xlu0lzDxJU="},"chainType":1,"messageKeys":{}}},"pendingPreKey":{"signedKeyId":61,"baseKey":"BYapwCO8R6owbcqflr8JPZoYjE1XCEl7TGfVVnnUOL0v","preKeyId":16108593}}},"version":"v1"}