{"_sessions":{"BU3paqdY5b8knLgOgDFAGnSvK3c3MiZ0FgqsDk+HEAcv":{"registrationId":1848713022,"currentRatchet":{"ephemeralKeyPair":{"pubKey":"Bc8/0klrnBdQBGRbnO34kCq12q0C3UwPD2t+KW1vJtMP","privKey":"yGsW0qlQ6e7EqXKd/PDDSg9PO2KOvuSHMs0msF7dAVY="},"lastRemoteEphemeralKey":"Bc3nyLy5uoPZX3ctc7CExj2u2LN4X0kZ6RsMu0UfTW4c","previousCounter":0,"rootKey":"E6xrJ5/amOScx/Ef3x9d862+n44qvY3KBVTQa8EtgWg="},"indexInfo":{"baseKey":"BU3paqdY5b8knLgOgDFAGnSvK3c3MiZ0FgqsDk+HEAcv","baseKeyType":2,"closed":-1,"used":1758853087085,"created":1758853087085,"remoteIdentityKey":"BU7Edlf02OTI0WTlPfL0ZGguQfto72GzEoR3MS53xDkG"},"_chains":{"Bc3nyLy5uoPZX3ctc7CExj2u2LN4X0kZ6RsMu0UfTW4c":{"chainKey":{"counter":1,"key":"+F6fOUOfei5eBszEfyZLq8AqVm0uH+DgfALKICVUNuM="},"chainType":2,"messageKeys":{}},"Bc8/0klrnBdQBGRbnO34kCq12q0C3UwPD2t+KW1vJtMP":{"chainKey":{"counter":-1,"key":"wCLw80aN01V+zDejlW/9fOJMAa8gO2M7dwRzb+bRUHU="},"chainType":1,"messageKeys":{}}}}},"version":"v1"}