{"_sessions":{"BfU/bRMOzC4/SVZEWF3AxDiH+pmVTuRyv3ANKlui2v5J":{"registrationId":721274490,"currentRatchet":{"ephemeralKeyPair":{"pubKey":"BXgewsXkA6RrBFa9CRfOqfhEZiIymy8Eps0guf+MM719","privKey":"CF/VuAn5wDDGNOpikh4SpBh+PnBXUPuSvAiGRtO3NVM="},"lastRemoteEphemeralKey":"BR7OL3QoaePZuRtRazA+C0etUExD3w0NsmorZeSIUB0l","previousCounter":0,"rootKey":"WH5cOJ2XqfbCsZuJJB8tnIN5kElm5HwHab9k3xSGqcg="},"indexInfo":{"baseKey":"BfU/bRMOzC4/SVZEWF3AxDiH+pmVTuRyv3ANKlui2v5J","baseKeyType":2,"closed":-1,"used":1758853371600,"created":1758853371600,"remoteIdentityKey":"BbdPnOM4snngWBlgi7gc1RjWPNmLXCzSMgtWg5f/v6lp"},"_chains":{"BR7OL3QoaePZuRtRazA+C0etUExD3w0NsmorZeSIUB0l":{"chainKey":{"counter":0,"key":"5hRPu4+kubiN/TFHxIrFQ+ASxflqcyw+xssV3dC1gZs="},"chainType":2,"messageKeys":{}},"BXgewsXkA6RrBFa9CRfOqfhEZiIymy8Eps0guf+MM719":{"chainKey":{"counter":-1,"key":"8ajxBpiGUaABBzjmm/r0vDUlL/Yz5QvmPhoxpmdttEY="},"chainType":1,"messageKeys":{}}}}},"version":"v1"}