{"_sessions":{"BYYx4Qz6Bj3kOAfSOlKzCfjZg1j8SfeMIHkIFMlVigAf":{"registrationId":179720742,"currentRatchet":{"ephemeralKeyPair":{"pubKey":"BcznrsmDnrIBpnFvZjfsNLSK0lqgDE9bH6kQbaXyMIh3","privKey":"KFJhE8n6buYVG7rKXfFS9F5J6PUOmTkBf9W08wB0y3k="},"lastRemoteEphemeralKey":"BSqkByPKN1dUMJEYk2TH93zVZQR8VLnOh6GAtEoybzxv","previousCounter":0,"rootKey":"Vek1+xwyxB6QFAT2KEnrSp8Co0hblUgVVZLcGeo+WjY="},"indexInfo":{"baseKey":"BYYx4Qz6Bj3kOAfSOlKzCfjZg1j8SfeMIHkIFMlVigAf","baseKeyType":2,"closed":-1,"used":1758852629714,"created":1758852629714,"remoteIdentityKey":"BZaFwvMj1lHLW6N7mn4j8zZIfCvjRNn0LvrSnof8kjwJ"},"_chains":{"BSqkByPKN1dUMJEYk2TH93zVZQR8VLnOh6GAtEoybzxv":{"chainKey":{"counter":7,"key":"O4RDxZa2R9EYXWyWS5D1X+bjNSuMaMq5NyJctbzOkQk="},"chainType":2,"messageKeys":{"5":"igA2ydqFnLQX4CNHpkWx+bICYzRXnbr4Xl7IXLspWwY="}},"BcznrsmDnrIBpnFvZjfsNLSK0lqgDE9bH6kQbaXyMIh3":{"chainKey":{"counter":-1,"key":"OnoHGjPu0KJaT7X55hg7UP+W10vc+9iuvqJ5vnD4PAY="},"chainType":1,"messageKeys":{}}}}},"version":"v1"}