{"_sessions":{"BR3AEdzLJ51HTsEX3/mZO9lvkhNnGqOPreZuIj70FX4Q":{"registrationId":667879728,"currentRatchet":{"ephemeralKeyPair":{"pubKey":"BQAB0nCRtNxYq1xRudP++Qfr6PbVpvr4qKrrX6d/K/1q","privKey":"oP7eyfVlAe+aBeXJCgwQoy25gPzNrp+afk6aIDxrWW8="},"lastRemoteEphemeralKey":"BfWGOgxiexNGJ8Xkxx0+QXog7IyTt/rRx2i4/Q/jhr4K","previousCounter":0,"rootKey":"Z5MrgxRGASR2+WJP1rjPw+51M1NLZHUyrkUsnv3MDpo="},"indexInfo":{"baseKey":"BR3AEdzLJ51HTsEX3/mZO9lvkhNnGqOPreZuIj70FX4Q","baseKeyType":2,"closed":-1,"used":1758853306613,"created":1758853306613,"remoteIdentityKey":"BU+tzkoxT3Gpjr52uztdnZTCFf8StnipttOXXSX2GH5i"},"_chains":{"BfWGOgxiexNGJ8Xkxx0+QXog7IyTt/rRx2i4/Q/jhr4K":{"chainKey":{"counter":0,"key":"nmK8Xx+dim9AXihpwvb6b3npLRBg/7HiZF84/nPihL0="},"chainType":2,"messageKeys":{}},"BQAB0nCRtNxYq1xRudP++Qfr6PbVpvr4qKrrX6d/K/1q":{"chainKey":{"counter":-1,"key":"LNzbCErROMYuX5CfyotQguGvLshLGsewqBN5i5daIFA="},"chainType":1,"messageKeys":{}}}}},"version":"v1"}