{"_sessions":{"BT5KzZg6orVMCIADeaQuWS/rHrV8mOmldqu+daCNx8Bf":{"registrationId":400945815,"currentRatchet":{"ephemeralKeyPair":{"pubKey":"BSoHkXUcUHBMsGUI4tAvRIhaWUFjoLJ9R9VaxLVnajF2","privKey":"0HUO366P2lJ7ijcr9tJOWUCebRj/6IB5A273ZwMag1U="},"lastRemoteEphemeralKey":"BdWN0WFi2FxBakT2w8OHKg/IgZD/TAAF04Hf5E+hA50q","previousCounter":0,"rootKey":"AE03K6PMHs0TkCoScnOliod73D6RujuuTcccjZN3rJw="},"indexInfo":{"baseKey":"BT5KzZg6orVMCIADeaQuWS/rHrV8mOmldqu+daCNx8Bf","baseKeyType":2,"closed":-1,"used":1758853313277,"created":1758853313277,"remoteIdentityKey":"BVVf8xsXETRd61/yCajo/ZG1lno7CGTknd+LQu2CZotm"},"_chains":{"BdWN0WFi2FxBakT2w8OHKg/IgZD/TAAF04Hf5E+hA50q":{"chainKey":{"counter":0,"key":"d8ct5ie0zoi11KI+5w24MCsKmbbNhxcubGZoLg+GhSE="},"chainType":2,"messageKeys":{}},"BSoHkXUcUHBMsGUI4tAvRIhaWUFjoLJ9R9VaxLVnajF2":{"chainKey":{"counter":-1,"key":"5VnCTolPYvaTlQkYI0S4QZu+K/YkS6vHl2yFAJiwGtw="},"chainType":1,"messageKeys":{}}}}},"version":"v1"}