{"_sessions":{"BWD88AXdiQ8eByN3lAUZa6SGhlG790tIE7RpvzZhlQNJ":{"registrationId":688317463,"currentRatchet":{"ephemeralKeyPair":{"pubKey":"BTcmGjO8yz3bSfjZOo2BsIK9gPEjDjouTidd9wnGgxUf","privKey":"+JzFIrZxD3F1pi87eiekG6aQizKdyx/5iWoSrilUi2c="},"lastRemoteEphemeralKey":"BWCAXG9Oxn12gzNprZRACWMCoO6HECuhTIAoJbVroecm","previousCounter":0,"rootKey":"oRTJ+0rUWNsj7wftsCUT3M8eln+cCCCOV6qk5ZgRzLQ="},"indexInfo":{"baseKey":"BWD88AXdiQ8eByN3lAUZa6SGhlG790tIE7RpvzZhlQNJ","baseKeyType":2,"closed":-1,"used":1758853087494,"created":1758853087494,"remoteIdentityKey":"BeE0EXT7NjeHkQnVaSD6c0r1dqhKs33Mv4A9IMAyur0S"},"_chains":{"BWCAXG9Oxn12gzNprZRACWMCoO6HECuhTIAoJbVroecm":{"chainKey":{"counter":1,"key":"Vulj+S3GayfSZlqfuEXqEQrYaVXurcDO8LCIa7A4PNw="},"chainType":2,"messageKeys":{}},"BTcmGjO8yz3bSfjZOo2BsIK9gPEjDjouTidd9wnGgxUf":{"chainKey":{"counter":-1,"key":"If3WlCwKcfDpuCmYQRUgLkJXQ93O4LcO+joXKZbtpxA="},"chainType":1,"messageKeys":{}}}}},"version":"v1"}