{"_sessions":{"BW4D2pWnSDJZJGIORFHJ7DgDntqk5y/W4LHIEQuWmsUd":{"registrationId":1625004530,"currentRatchet":{"ephemeralKeyPair":{"pubKey":"BRswiC5zLU3o8a33Ux+XAenDa+dgj93OJZRNZGSZARAr","privKey":"yH1LDRpiUCnp2vroSje+QfwOGg+MeNbytFDbY2Kvylw="},"lastRemoteEphemeralKey":"BaMRwQdkMISD3FHURXcg4j/2tjSN28jtW8AfL436Qe0Y","previousCounter":0,"rootKey":"MdXfuDIXzq7w67y5hcp7O39sbTYKrpNrNXHagc/1mBU="},"indexInfo":{"baseKey":"BW4D2pWnSDJZJGIORFHJ7DgDntqk5y/W4LHIEQuWmsUd","baseKeyType":2,"closed":-1,"used":1758853215744,"created":1758853215744,"remoteIdentityKey":"BWs6R1EUmGeyeyFkPcnHvfXCsd5DPhvYMNVi/VL3Y8cl"},"_chains":{"BaMRwQdkMISD3FHURXcg4j/2tjSN28jtW8AfL436Qe0Y":{"chainKey":{"counter":0,"key":"5KuWQaVK3d5F0fgjvSpgxrn50mlKDrTcqb1p9psuZFY="},"chainType":2,"messageKeys":{}},"BRswiC5zLU3o8a33Ux+XAenDa+dgj93OJZRNZGSZARAr":{"chainKey":{"counter":-1,"key":"TJuIwHgWX/WPqg4IR/DFk47HyMf6pjQP1B/YQJCSqDA="},"chainType":1,"messageKeys":{}}}}},"version":"v1"}