{"_sessions":{"BUmxFEmodztQfw3r6V3DhtolXDRJFsnS8yRTF4jCvah7":{"registrationId":766189585,"currentRatchet":{"ephemeralKeyPair":{"pubKey":"BaqW+IeF4F5QVIcPRE2G5qpw5vqjyG6QFzh7MBXVq7w+","privKey":"+BiQDHX456i4r9UeYhJkf7qLjeFIhZVNP7Fncnj8tnk="},"lastRemoteEphemeralKey":"BRdSpEliyRHotSOywa8yoOJJ1Mcybh4eACEMYR8FM+5S","previousCounter":0,"rootKey":"FFm/wZdzkehVZJEYnIj+5zBNhFUrhPk39zCAG7nl3A0="},"indexInfo":{"baseKey":"BUmxFEmodztQfw3r6V3DhtolXDRJFsnS8yRTF4jCvah7","baseKeyType":2,"closed":-1,"used":1758853312963,"created":1758853312963,"remoteIdentityKey":"Bdwm/LuSbu4geLmzeA7IeWKtwIQb74NVwP+hqW/1oAt+"},"_chains":{"BRdSpEliyRHotSOywa8yoOJJ1Mcybh4eACEMYR8FM+5S":{"chainKey":{"counter":0,"key":"/4FSuz2ypiMTrL10T5JN3o7IFJ0AUkztwhdrSi4fCMc="},"chainType":2,"messageKeys":{}},"BaqW+IeF4F5QVIcPRE2G5qpw5vqjyG6QFzh7MBXVq7w+":{"chainKey":{"counter":-1,"key":"q9hz5WJiGwdJ8Gv5tCEHq2r8Xizy4LK/bcB5rw2E/2M="},"chainType":1,"messageKeys":{}}}}},"version":"v1"}