{"_sessions":{"BZ4S10oFmaXWKsuK8K/eHdmQ7OWHOGqLLtF6XGpM76ox":{"registrationId":641951893,"currentRatchet":{"ephemeralKeyPair":{"pubKey":"BQHVkQwmpRMUjeZcMp0QNRO1BxPUBlCGh7BivcnwYJkJ","privKey":"cF3zSwkn11jZja9MvrYnjhifv9Td/ztRfV2sRp6ntF0="},"lastRemoteEphemeralKey":"BeK3+IIVZGdu9DOaFUccsPJfjgxAiz7creNPkdyD4Doe","previousCounter":0,"rootKey":"E7K5Vf5byGdoi1NrkJN8WRd1Pbw6yzzYa9fmk5ixu40="},"indexInfo":{"baseKey":"BZ4S10oFmaXWKsuK8K/eHdmQ7OWHOGqLLtF6XGpM76ox","baseKeyType":2,"closed":-1,"used":1758853087701,"created":1758853087701,"remoteIdentityKey":"BafdNsdWZJgr/HawbjZFenxywx+gS1jDnEFe+Cv4DmBY"},"_chains":{"BeK3+IIVZGdu9DOaFUccsPJfjgxAiz7creNPkdyD4Doe":{"chainKey":{"counter":0,"key":"MZgEKlstyiXcsBa2375B+PhWwyKqd4QcWPbPioqqRyg="},"chainType":2,"messageKeys":{}},"BQHVkQwmpRMUjeZcMp0QNRO1BxPUBlCGh7BivcnwYJkJ":{"chainKey":{"counter":-1,"key":"30tpiIen52oWU4OZ3MzGFal1ls3mcSyMqJJyrQ9ZHcA="},"chainType":1,"messageKeys":{}}}}},"version":"v1"}