{"_sessions":{"BdrZ3wrgst1UtLkzi/WOXOtv9b0i+OKeIhfmuJ+i9Z0+":{"registrationId":2011101884,"currentRatchet":{"ephemeralKeyPair":{"pubKey":"BdXZZXHV9wcewIIwKPbfR6FDtW2OCHheC4ri6o+yKcsW","privKey":"4DQfvJNwpJP8ELRkYKdrZBdnowkNBcDyBSUB8VYtaH4="},"lastRemoteEphemeralKey":"Bd6tzaFbXgtE9uYZAvxO7J1nLh2TsMiIILOl0dxL+0AO","previousCounter":0,"rootKey":"Qbgt+0vJMNTxKwa0CTmFzwQyhE+v7uz5bhrWP/Nb9Fc="},"indexInfo":{"baseKey":"BdrZ3wrgst1UtLkzi/WOXOtv9b0i+OKeIhfmuJ+i9Z0+","baseKeyType":2,"closed":-1,"used":1758853236352,"created":1758853236352,"remoteIdentityKey":"BZvqEECSSox8nL4St3H9A2CwAnmz7xbdyzKRA0aVJh82"},"_chains":{"Bd6tzaFbXgtE9uYZAvxO7J1nLh2TsMiIILOl0dxL+0AO":{"chainKey":{"counter":0,"key":"1xp8ykIKgNzcw2v66+0VRDFnHDcRVYakBENNRK8G+Ys="},"chainType":2,"messageKeys":{}},"BdXZZXHV9wcewIIwKPbfR6FDtW2OCHheC4ri6o+yKcsW":{"chainKey":{"counter":-1,"key":"vQnx8js9dOBQuf8LWaGW+EEEjM2WxCm9IT9e5G/r878="},"chainType":1,"messageKeys":{}}}}},"version":"v1"}