{"_sessions":{"BZSZskNYM+U9ejxDBHF10uLLeS7Q1/3CCb7f3EDVeM93":{"registrationId":1030338201,"currentRatchet":{"ephemeralKeyPair":{"pubKey":"BUfVWv8Ph6tlB/Bj7Hkl5TLWWxq6BGJrLXdur1INC2VK","privKey":"YJUPYwb5q0QuBVMFbjksBRiIgMrhFUOltraM7OLpAGw="},"lastRemoteEphemeralKey":"BX4uky4skC/kC8NEGLoX9aEmu/YMhoWMRGmV1Oyd7lAl","previousCounter":0,"rootKey":"rgGOkurHJyul/G/5P9bXO3zVyVE/3RifhnMps1wBjG4="},"indexInfo":{"baseKey":"BZSZskNYM+U9ejxDBHF10uLLeS7Q1/3CCb7f3EDVeM93","baseKeyType":2,"closed":-1,"used":1758853272393,"created":1758853272393,"remoteIdentityKey":"BaS4VOYYyoq7pdPzJDCjDjUyEAp/xCFV9JNO/eaSBM4K"},"_chains":{"BX4uky4skC/kC8NEGLoX9aEmu/YMhoWMRGmV1Oyd7lAl":{"chainKey":{"counter":0,"key":"Fn7K/dgaAjGnknhIbHj8qtCRKwe6aP7ysH+1rY9NIm8="},"chainType":2,"messageKeys":{}},"BUfVWv8Ph6tlB/Bj7Hkl5TLWWxq6BGJrLXdur1INC2VK":{"chainKey":{"counter":-1,"key":"m6tla5djLjwSJ6WKj5McdIHdxGfBwsG4gwPJDrNzaOE="},"chainType":1,"messageKeys":{}}}}},"version":"v1"}