{"_sessions":{"BfYgL09APBuoFYXqAF9OQSpDHuq3Ascwh3g1I50ffBhs":{"registrationId":1977673638,"currentRatchet":{"ephemeralKeyPair":{"pubKey":"BZ/p5y55rrO6HH3R5oDNwgqxwjO/YTEMdwyPIcvH9Qht","privKey":"eKtvX5Tf+Gdlj9B6DdeHvpGfQpJ4SJ0/FeAkf8l73nk="},"lastRemoteEphemeralKey":"BYxOPNEnhdd9dmkBIvqig3o6Mem0w7zmGep3ZTx43YE8","previousCounter":0,"rootKey":"bxxzdStW2M0RpcYfXrW6m4mmKAzW/6xoN1fqyPI0c5c="},"indexInfo":{"baseKey":"BfYgL09APBuoFYXqAF9OQSpDHuq3Ascwh3g1I50ffBhs","baseKeyType":2,"closed":-1,"used":1758853251313,"created":1758853251313,"remoteIdentityKey":"BUCV9kP/g+vOtnRxNdTebYjgtmGh8JI6ejqQ8CmTnV8n"},"_chains":{"BYxOPNEnhdd9dmkBIvqig3o6Mem0w7zmGep3ZTx43YE8":{"chainKey":{"counter":0,"key":"jV/JWmxen60Yi9Tkl029zaqSaM7Ijg7l3s5a4qFZT54="},"chainType":2,"messageKeys":{}},"BZ/p5y55rrO6HH3R5oDNwgqxwjO/YTEMdwyPIcvH9Qht":{"chainKey":{"counter":-1,"key":"aTRtxYQIrlzZGjBom7E/Im5VBDEW/R6nzqpFD0ayuVw="},"chainType":1,"messageKeys":{}}}}},"version":"v1"}