{"_sessions":{"BfW6/yocZnpDWXXwYnf3Q+cGOlwsDHtg5CsDBK0MmoB0":{"registrationId":2110812621,"currentRatchet":{"ephemeralKeyPair":{"pubKey":"BaV3msYVPqxio+Pb8Pm3IMBnUxJsRlVURkNzJQVl1pI+","privKey":"GH2okxxUD89GrKxrDP+xJMDZHMrS76+aajASCj5090w="},"lastRemoteEphemeralKey":"BRhVGBfhJqjLuBkqJ6qxV/dEb8KoGLrocDXxweTk6fM0","previousCounter":0,"rootKey":"pN9kFPwU+5UVu9vRFOFZS/flis3Ej/NhlRME/jm5QAc="},"indexInfo":{"baseKey":"BfW6/yocZnpDWXXwYnf3Q+cGOlwsDHtg5CsDBK0MmoB0","baseKeyType":2,"closed":-1,"used":1758853241509,"created":1758853241509,"remoteIdentityKey":"BR6Exh6UkQ/HywXVPnLUdNdJ5lrGlOuCoYp2+6QTrWlD"},"_chains":{"BRhVGBfhJqjLuBkqJ6qxV/dEb8KoGLrocDXxweTk6fM0":{"chainKey":{"counter":0,"key":"fgWABSc1MrTAntGYMPHaxXNNVbUEQStgodB9zg0AL4I="},"chainType":2,"messageKeys":{}},"BaV3msYVPqxio+Pb8Pm3IMBnUxJsRlVURkNzJQVl1pI+":{"chainKey":{"counter":-1,"key":"KxhWWFknKpTkezxevYUO/Vftr9S5yxRRPk77yugRtkw="},"chainType":1,"messageKeys":{}}}}},"version":"v1"}