{"_sessions":{"BR/7b/JGIfEpIav6HEfF8Dzt0w9kE/vEptoUQvOcO8xP":{"registrationId":766048150,"currentRatchet":{"ephemeralKeyPair":{"pubKey":"BevIUsNimNnA7Pja5vficuFAPonqAa8RNfi1QwJEnGV4","privKey":"UBopFDbOWyUDeigqEcPXDrrAtPR0L2yo4wBQXi7wzmc="},"lastRemoteEphemeralKey":"BWhYlJI8E3hSmp+rataBIK5NqLTvm/Xe9CijPmewgjhy","previousCounter":0,"rootKey":"70kLq+rctvLCiO1BYb57n0KQGuDl/a6D+C25NR0X0Wg="},"indexInfo":{"baseKey":"BR/7b/JGIfEpIav6HEfF8Dzt0w9kE/vEptoUQvOcO8xP","baseKeyType":2,"closed":-1,"used":1758853262652,"created":1758853262652,"remoteIdentityKey":"BQc12Qk+48j64ITRgO3cCJ7unonl35LiI11eg8bt3G1x"},"_chains":{"BWhYlJI8E3hSmp+rataBIK5NqLTvm/Xe9CijPmewgjhy":{"chainKey":{"counter":0,"key":"6FbtDFs3O6OxZ2zsTwzYdWVYgWfzZYiNXReRiK3NNhk="},"chainType":2,"messageKeys":{}},"BevIUsNimNnA7Pja5vficuFAPonqAa8RNfi1QwJEnGV4":{"chainKey":{"counter":-1,"key":"zq8L6riqTVJUfw6i+XnMxePgmHByvjNUTAgAESBQN/8="},"chainType":1,"messageKeys":{}}}}},"version":"v1"}