{"_sessions":{"BSM/BxStV2K/0HCJkCweBEqnSAQjmlSwfu0BtrE/U9tn":{"registrationId":100066607,"currentRatchet":{"ephemeralKeyPair":{"pubKey":"BQlBFQFQih6yvvKGzDJtHBsfPBzyl8Pb3NSKAKanMl9C","privKey":"EBW2DJTQDFqoV22dDRR9O5jrhjnCxvD3+zKApRuZl3Q="},"lastRemoteEphemeralKey":"BQM4Pth0+ueERAzuqv3H02CezJmMhK6bcgX7P/Kp46Q/","previousCounter":0,"rootKey":"rt/GP9InqBIW1dVQoc5EJWS5Wfr+X1U2ilAYHNVGNUs="},"indexInfo":{"baseKey":"BSM/BxStV2K/0HCJkCweBEqnSAQjmlSwfu0BtrE/U9tn","baseKeyType":2,"closed":-1,"used":1758853252792,"created":1758853252792,"remoteIdentityKey":"BcXLy91OvDxW87Ff4PcL8Bc8lC+rlta5dEVNrnVV1Kp6"},"_chains":{"BQM4Pth0+ueERAzuqv3H02CezJmMhK6bcgX7P/Kp46Q/":{"chainKey":{"counter":3,"key":"3mjqRbTkIhl6InYGXZjgppVyqw5QEzAbZOG0lgZMBn0="},"chainType":2,"messageKeys":{}},"BQlBFQFQih6yvvKGzDJtHBsfPBzyl8Pb3NSKAKanMl9C":{"chainKey":{"counter":-1,"key":"ofnarM85Uiw4YPw7+mQnU1CIsJ7dC1+ZHoC7Lw/dM2I="},"chainType":1,"messageKeys":{}}}}},"version":"v1"}