{"_sessions":{"BUaNNjRQD1PlMgq9/YYa8rIjH8x18rj9FB0Hy31eywYC":{"registrationId":1006665490,"currentRatchet":{"ephemeralKeyPair":{"pubKey":"BYhBU1ZpwtLxVt6kFGjsl2gU7uX2d8Oo+FMUL05jpOxi","privKey":"qFGJj3ztbrwYQ1Pnntc7Ho9MlwgbaaARrvfxAg0tVkU="},"lastRemoteEphemeralKey":"BWC72J2N+GTkr3OZrDqJIEFrmZ3lvjDgwVe0cEzNWkx6","previousCounter":0,"rootKey":"FoauTrAu0jcPgk8jCXvyMVfK8tiWtJUe5knlqsP5ciw="},"indexInfo":{"baseKey":"BUaNNjRQD1PlMgq9/YYa8rIjH8x18rj9FB0Hy31eywYC","baseKeyType":2,"closed":-1,"used":1758853231492,"created":1758853231492,"remoteIdentityKey":"BSO1K52RO2S8Dap3nN3sj1D0EFo/0jjQCkopNaaKML4+"},"_chains":{"BWC72J2N+GTkr3OZrDqJIEFrmZ3lvjDgwVe0cEzNWkx6":{"chainKey":{"counter":1,"key":"aQaEX3lfZnyP4eGCGbVLqfGUDv37OMowvE887j3Y7YY="},"chainType":2,"messageKeys":{}},"BYhBU1ZpwtLxVt6kFGjsl2gU7uX2d8Oo+FMUL05jpOxi":{"chainKey":{"counter":-1,"key":"fFxuN51HB5QjxJunD5s5XgxyONjZREm2HwTA+XSn5LE="},"chainType":1,"messageKeys":{}}}}},"version":"v1"}