{"_sessions":{"BXQqjh551EEhOreDxGPRyS1n8C7U1PzVaatQEatvetIV":{"registrationId":1194192173,"currentRatchet":{"ephemeralKeyPair":{"pubKey":"BT6CkSqAemP8l14YSh0yoetJoFWntItCYkBLLgUdJOYc","privKey":"OL/dGy9cu/IrAzHK5Q0+k0BfTikujq53/EoKaF4bL3Q="},"lastRemoteEphemeralKey":"BYsdtKRRlRZBpy4F8uyHeCokAt2EZvTJqZr56xkVpVQl","previousCounter":0,"rootKey":"e8PUjbq0pYkJwMoI/t3rrZ6ayAA/iOHL/oVM6LlMfkQ="},"indexInfo":{"baseKey":"BXQqjh551EEhOreDxGPRyS1n8C7U1PzVaatQEatvetIV","baseKeyType":2,"closed":-1,"used":1758853226633,"created":1758853226633,"remoteIdentityKey":"BRmQegrGKQQpNTxcoRbDzQgQTwbWjS+51+0SX1KNWt0V"},"_chains":{"BYsdtKRRlRZBpy4F8uyHeCokAt2EZvTJqZr56xkVpVQl":{"chainKey":{"counter":0,"key":"wEgLROg+zYtKE0KxMWNgRYIm+OuI3U1y6+O1xTs2/+Q="},"chainType":2,"messageKeys":{}},"BT6CkSqAemP8l14YSh0yoetJoFWntItCYkBLLgUdJOYc":{"chainKey":{"counter":-1,"key":"W1VCzAodiAKN2XLnjG/xAR/zCq0ckzi6loacdmNmVjg="},"chainType":1,"messageKeys":{}}}}},"version":"v1"}