{"_sessions":{"BTh7ra9D5zI6uUNIR2xjiyUUDFwmu68YihGBrrJtZjZ2":{"registrationId":145720776,"currentRatchet":{"ephemeralKeyPair":{"pubKey":"BcHMH1MCPn55WS68KJ+raXhzhBfsEWUoWpYReNp8u4F1","privKey":"8IXW9svi7Eh6s7ua3mUeMG0xV0Ct1S0KzKzfuPpqdks="},"lastRemoteEphemeralKey":"BRqx7GKatalp0T59Hj6NMqWJL6cCPYM2DXKkyNbjB1Ui","previousCounter":0,"rootKey":"SkSOonC3Q62qzXzyKFaEiQykSlvhXG5q09abuhFh0JQ="},"indexInfo":{"baseKey":"BTh7ra9D5zI6uUNIR2xjiyUUDFwmu68YihGBrrJtZjZ2","baseKeyType":2,"closed":-1,"used":1758853123464,"created":1758853123464,"remoteIdentityKey":"BYOsAs5G2iwmGbj8xN097mOYzXHpZWkg/fDMZzixedNh"},"_chains":{"BRqx7GKatalp0T59Hj6NMqWJL6cCPYM2DXKkyNbjB1Ui":{"chainKey":{"counter":1,"key":"afC2qyYym0sJcHNT3+5yYBTMxZbMqgzGxfNoagfs+Uk="},"chainType":2,"messageKeys":{}},"BcHMH1MCPn55WS68KJ+raXhzhBfsEWUoWpYReNp8u4F1":{"chainKey":{"counter":-1,"key":"dPxm88s4XrWsDWJXqN47fC29YFwpaUGCULRMZfSuSyE="},"chainType":1,"messageKeys":{}}}}},"version":"v1"}