{"_sessions":{"BW0uJsLByTD8dteBBTwP+ns26Ull00IqIitC5WgtJxZX":{"registrationId":533646941,"currentRatchet":{"ephemeralKeyPair":{"pubKey":"BXi7lKCd/M0Q07/YMhLUu9GPCz+y4sTnLELNh7gh1CVt","privKey":"QLSEUQFawYRVLQ3DASgq7PZ0DxaYd2UEq91QWWQfr2g="},"lastRemoteEphemeralKey":"BdU+I/vAgLCYL+KA3w1/4sezGalWRxAEtVroQNCb+ORt","previousCounter":0,"rootKey":"/FV+3oR32tgCGaiAC8LpdY7dswLA7/zQYY9jYSLssJ4="},"indexInfo":{"baseKey":"BW0uJsLByTD8dteBBTwP+ns26Ull00IqIitC5WgtJxZX","baseKeyType":2,"closed":-1,"used":1758853304977,"created":1758853304977,"remoteIdentityKey":"BawQfSRcIcwcMbYwoi87Eil5skI4a9C49jdwyzpbifsp"},"_chains":{"BdU+I/vAgLCYL+KA3w1/4sezGalWRxAEtVroQNCb+ORt":{"chainKey":{"counter":0,"key":"JRQGFbxAB+va4c0UQ4qmvXqkQxLneycrtE+MziZwRm0="},"chainType":2,"messageKeys":{}},"BXi7lKCd/M0Q07/YMhLUu9GPCz+y4sTnLELNh7gh1CVt":{"chainKey":{"counter":-1,"key":"Xq1XJ6a+rMCl4FFLBW2rOMfCO1n1qVZ2xYEpTpI7Pl4="},"chainType":1,"messageKeys":{}}}}},"version":"v1"}