{"_sessions":{"BZKgtHzvJv7VN4gjKdzavgaI+dJJKX101DjcnEYZ5gU0":{"registrationId":1083206940,"currentRatchet":{"ephemeralKeyPair":{"pubKey":"BSgXvL9MmtmsJD2HXydC5wUChCAF9Ek1QDwRuKiDBmIK","privKey":"cIZd84ntDHvk+ZVVSgg5LLEhPtINfykgiNBwmejBp2U="},"lastRemoteEphemeralKey":"BW7ye1sNLH6BENugit/x0SJPB27ZgebxGN08fmt3p7VO","previousCounter":0,"rootKey":"Il9x43xErluKDpomWXUM3Z1JUhv9yugxkPW1wTphKRU="},"indexInfo":{"baseKey":"BZKgtHzvJv7VN4gjKdzavgaI+dJJKX101DjcnEYZ5gU0","baseKeyType":2,"closed":-1,"used":1758853142636,"created":1758853142636,"remoteIdentityKey":"BQRztMb99x5cdMZD6U4Pzm50NbPdklxi/JYyIh2/rage"},"_chains":{"BW7ye1sNLH6BENugit/x0SJPB27ZgebxGN08fmt3p7VO":{"chainKey":{"counter":0,"key":"VmCyb+vgMqHhqz2PZ1e1F5W6a/3KSXmAUWazAk4mgXo="},"chainType":2,"messageKeys":{}},"BSgXvL9MmtmsJD2HXydC5wUChCAF9Ek1QDwRuKiDBmIK":{"chainKey":{"counter":-1,"key":"/GNE7MCyu90sAUZEZXaNsuENdbSj9JVCC3pRfrL8OFg="},"chainType":1,"messageKeys":{}}}}},"version":"v1"}