{"_sessions":{"BfbUqlQv865PIM1a7yAzd2U2e5HAxHtekSfQ2FQHyqxn":{"registrationId":354380961,"currentRatchet":{"ephemeralKeyPair":{"pubKey":"BaEoOPkKRE+8QFS9ODtNydcdzHGk4EWzqbjRSzA1kMUP","privKey":"MF+rLcB6+RcvimjaSn7pWPwiS+MIGPKJ/AaNkTD/OmY="},"lastRemoteEphemeralKey":"BTRz6BqOJGahswnHAKJnc/8G7UE8ljlAX1l5k53WVn5E","previousCounter":0,"rootKey":"bDz3yf/89veot5CJ1MblXdKMyaXU0PwOlDFxwM2q5Wo="},"indexInfo":{"baseKey":"BfbUqlQv865PIM1a7yAzd2U2e5HAxHtekSfQ2FQHyqxn","baseKeyType":2,"closed":-1,"used":1758852629572,"created":1758852629572,"remoteIdentityKey":"BVttwtJ/U0aGL+K5jDdvyyDDeB/rZ2o27yoSbvE0bdoi"},"_chains":{"BTRz6BqOJGahswnHAKJnc/8G7UE8ljlAX1l5k53WVn5E":{"chainKey":{"counter":0,"key":"In/uez/iYvouRgtB8f8TNPDUT7iIif6zT1i/q5p9pxQ="},"chainType":2,"messageKeys":{}},"BaEoOPkKRE+8QFS9ODtNydcdzHGk4EWzqbjRSzA1kMUP":{"chainKey":{"counter":-1,"key":"Zl+KtnSkLQwJ85MHzPdRDhH6Nf0GG30LdFmVzbNYtuA="},"chainType":1,"messageKeys":{}}}}},"version":"v1"}