{"_sessions":{"BV7VSFzPGlALxij40QhwY2wBkxsyfQk29J+BmIlN97cm":{"registrationId":596885398,"currentRatchet":{"ephemeralKeyPair":{"pubKey":"BQjBFxFuNA3zyhV2kHEDU+j/3kVTvexIBPSy5HxKRZQJ","privKey":"GE77K8JnxIKzYQT2N+RLXTZzupCpVxWiPHpzaex9R3A="},"lastRemoteEphemeralKey":"BSGY5Am8WleUw+cvypea0PQTEXcN4vdRkvNqwqLj1u4W","previousCounter":0,"rootKey":"c8pd3kKRt2ovSvlMySC0NdU6oPx1Tu6osb2gtYszx9o="},"indexInfo":{"baseKey":"BV7VSFzPGlALxij40QhwY2wBkxsyfQk29J+BmIlN97cm","baseKeyType":2,"closed":-1,"used":1758853344842,"created":1758853344842,"remoteIdentityKey":"BV17qgwR80sUfBe0SpuLUBGDgFI5OBROAG+Q5ZRtTdQT"},"_chains":{"BSGY5Am8WleUw+cvypea0PQTEXcN4vdRkvNqwqLj1u4W":{"chainKey":{"counter":0,"key":"zokVi1jSLjrgzS98Z0ag/aabmbDo0tBZRMFWZ2fe+bI="},"chainType":2,"messageKeys":{}},"BQjBFxFuNA3zyhV2kHEDU+j/3kVTvexIBPSy5HxKRZQJ":{"chainKey":{"counter":-1,"key":"KI+dQT8eRktwTeS99/Y3+ZjBWrwVB/hRBXQ45mWbYTE="},"chainType":1,"messageKeys":{}}}}},"version":"v1"}