{"_sessions":{"BX+Qv+LKrG7rGNJbbPL943yU8N2+ahdtug7qk3+rvrkV":{"registrationId":1079125653,"currentRatchet":{"ephemeralKeyPair":{"pubKey":"BdcrF1XvPbSWkHlcAwV4rzxXzpdjNFc1Ai2rHhjdYRFd","privKey":"sBBM7Qc2fh3rU8IbzL9fCRPZtb0lDKQXgjZuCgVc9GI="},"lastRemoteEphemeralKey":"Bbn/C9bEQ6ZNOdSHgQ5GRenLPG1il/v9B5JeTPSw94gB","previousCounter":0,"rootKey":"lLqlIuo+z/brj+Ba2lDzEbbK4qoVrz4SNegO1/YkJ0Y="},"indexInfo":{"baseKey":"BX+Qv+LKrG7rGNJbbPL943yU8N2+ahdtug7qk3+rvrkV","baseKeyType":2,"closed":-1,"used":1758852649100,"created":1758852649100,"remoteIdentityKey":"BTD+/7N1jiD6uiQy7cxz1YUwuSvMdV54xZeYYzfwvq8+"},"_chains":{"Bbn/C9bEQ6ZNOdSHgQ5GRenLPG1il/v9B5JeTPSw94gB":{"chainKey":{"counter":0,"key":"Gr9pblbu9ow8K6zh5yIQS3QTUHRbENoAvkHoSHKoBrA="},"chainType":2,"messageKeys":{}},"BdcrF1XvPbSWkHlcAwV4rzxXzpdjNFc1Ai2rHhjdYRFd":{"chainKey":{"counter":-1,"key":"zawbREkpsOOQZC/wg/8sGV6XNf7C63sse/BQQOtjI5s="},"chainType":1,"messageKeys":{}}}}},"version":"v1"}