{"_sessions":{"BV9M1KPViZQbiJiJ83ZRxZDAvqlyLOptY6sLUJ9jb8V5":{"registrationId":237084314,"currentRatchet":{"ephemeralKeyPair":{"pubKey":"BRnUomAOuRDYgjv/gOdVTL/FZB30hOMzdGNqxWFQsuds","privKey":"YMKjDie+AN7lG065BQLsu+bSmQRGpbFKscR+mk+Nbng="},"lastRemoteEphemeralKey":"Bfsq0zoeyPnH8kOuV5IHQfO/us6drPwM5vpUgQPvPWI2","previousCounter":0,"rootKey":"7N6uOxBerPRHoLqtrCBEtmAWUV/Sqw8DJ9LqUAajCWY="},"indexInfo":{"baseKey":"BV9M1KPViZQbiJiJ83ZRxZDAvqlyLOptY6sLUJ9jb8V5","baseKeyType":2,"closed":-1,"used":1758852629727,"created":1758852629727,"remoteIdentityKey":"BZCXLDMfNk0s85HL9NLTLtCAY3V0omdECFnZ7tEBeW8X"},"_chains":{"Bfsq0zoeyPnH8kOuV5IHQfO/us6drPwM5vpUgQPvPWI2":{"chainKey":{"counter":0,"key":"xEZhSur8drSYn6mIpkBU3Ymcajs3feZ9LSP5n4l8OCs="},"chainType":2,"messageKeys":{}},"BRnUomAOuRDYgjv/gOdVTL/FZB30hOMzdGNqxWFQsuds":{"chainKey":{"counter":-1,"key":"Tv7BJePkVBvRdqa7xW16DnU610hIYud1F6MbdYjMZ18="},"chainType":1,"messageKeys":{}}}}},"version":"v1"}