{"_sessions":{"BUWiew/zfQYxwvb3QXAaXlhOZn5TeO8miik55HtSn207":{"registrationId":243126512,"currentRatchet":{"ephemeralKeyPair":{"pubKey":"BffSXml4jQzIbftj2OVESD7NXzERn9N1YTQKZal4lMtp","privKey":"6C72k3ZXeBvHhE9OUQjGA+D7VHN6dOTk1im0utONMUs="},"lastRemoteEphemeralKey":"BfKJvwj8DBHaF4FzE5llrkHe6W/mZmKo7QoH16fyKBVt","previousCounter":0,"rootKey":"G5OcWqfy0yp67bgPH5wIkDu+uIjfskUAPNd8bqiWvQ4="},"indexInfo":{"baseKey":"BUWiew/zfQYxwvb3QXAaXlhOZn5TeO8miik55HtSn207","baseKeyType":2,"closed":-1,"used":1758853123247,"created":1758853123247,"remoteIdentityKey":"BZMAr5mY5FEcI+Th3GHGqwXAINAMX9sUxporTZiu1Lci"},"_chains":{"BfKJvwj8DBHaF4FzE5llrkHe6W/mZmKo7QoH16fyKBVt":{"chainKey":{"counter":0,"key":"YoMOuEh9mZA+9XspsfP1xPwtKJJr0gouFfLNO/p6m70="},"chainType":2,"messageKeys":{}},"BffSXml4jQzIbftj2OVESD7NXzERn9N1YTQKZal4lMtp":{"chainKey":{"counter":-1,"key":"p0alqWRcGekBrpU46rceK8KaDIsPuBfnnybPm0xlmoM="},"chainType":1,"messageKeys":{}}}}},"version":"v1"}