{"_sessions":{"BTb9HmiWKvYgnAtmYv/R1Y6nuwGlARQLBj10LaLq5Khg":{"registrationId":1484480212,"currentRatchet":{"ephemeralKeyPair":{"pubKey":"BV3lNJI+ubihQSL7XOjSZn1NNl8rjjEaYg982Z8EPfQp","privKey":"KDTXy3yZVNoiudAFHh/dHV7UnLxKvUba/Hhoq0ANvVU="},"lastRemoteEphemeralKey":"BRKExDNh5/t88uMqY13C4ccPWwWeYbkSVbELNykZDaFE","previousCounter":0,"rootKey":"sxIWMZjntSDPsyBd5Mb6VkRKohuArDTvOqmJw0SzAko="},"indexInfo":{"baseKey":"BTb9HmiWKvYgnAtmYv/R1Y6nuwGlARQLBj10LaLq5Khg","baseKeyType":2,"closed":-1,"used":1758853123255,"created":1758853123255,"remoteIdentityKey":"BdW35CnCWP15qvFB2f6q9QlTG6haEmXJDa7dlfWhfwgl"},"_chains":{"BRKExDNh5/t88uMqY13C4ccPWwWeYbkSVbELNykZDaFE":{"chainKey":{"counter":0,"key":"G21cG1OQv2/guU5aScsupImxI9BXdR8zpogiZzVvO64="},"chainType":2,"messageKeys":{}},"BV3lNJI+ubihQSL7XOjSZn1NNl8rjjEaYg982Z8EPfQp":{"chainKey":{"counter":-1,"key":"yODhZwP+Unhg5f+BtWCTalZI02Bpkx2IL8cUx1cYSM8="},"chainType":1,"messageKeys":{}}}}},"version":"v1"}