{"_sessions":{"BQQd8rsZJlPF+bt628J2VvDAH80zGgCxS+bszdra+4MR":{"registrationId":991872119,"currentRatchet":{"ephemeralKeyPair":{"pubKey":"BUDcBmfeNUK2+iKmIJwfchNfoZ2vsrVlrnipmO2S7jQB","privKey":"gPctKtCwfOHlFyyfg1BvssNcenV9wlh1wK7DYC4jgU8="},"lastRemoteEphemeralKey":"BSp/cL1xX/bvuK5dxVrg3WbYOuP/l2ivYWgkioqFxOYl","previousCounter":0,"rootKey":"FEgPbL/tXo4VYQkn4DyEL6kifeDyR8vKEsvLjGQG4+E="},"indexInfo":{"baseKey":"BQQd8rsZJlPF+bt628J2VvDAH80zGgCxS+bszdra+4MR","baseKeyType":2,"closed":-1,"used":1758853092017,"created":1758853092017,"remoteIdentityKey":"BTL9yyNqSHOSBQLnF1aFVC/RcpnhJVhlHDL51EaeTqIP"},"_chains":{"BSp/cL1xX/bvuK5dxVrg3WbYOuP/l2ivYWgkioqFxOYl":{"chainKey":{"counter":2,"key":"NiNzj3oh8Mo2tyzx+P2kVStR+gZWM2FjPFEAvbdDqMo="},"chainType":2,"messageKeys":{}},"BUDcBmfeNUK2+iKmIJwfchNfoZ2vsrVlrnipmO2S7jQB":{"chainKey":{"counter":-1,"key":"meb+Q00swlUmquyGibxgviUIZfmcwshizegVTnj9l0Q="},"chainType":1,"messageKeys":{}}}}},"version":"v1"}