{"_sessions":{"BY7JhchVKPAuOkdN98RrxXR4y3T3XIRx8XXxpALnZ1oL":{"registrationId":2042118369,"currentRatchet":{"ephemeralKeyPair":{"pubKey":"BRpT9s77ar/lFqHyT1nKENWZSSCE8BGaMmhcPlyQbb1Z","privKey":"aLH6d7SCO/iBhJd2t4zN5IayB+OqeNxmf4Z1gVkLHEQ="},"lastRemoteEphemeralKey":"BRfpuNlHACs+JbvlkJaprxazGFj/lVumRLstyQxicSgR","previousCounter":0,"rootKey":"4f78p/uis6LlJqjIw6GWiRl0hYpPO2m06WXkv0v1K7Y="},"indexInfo":{"baseKey":"BY7JhchVKPAuOkdN98RrxXR4y3T3XIRx8XXxpALnZ1oL","baseKeyType":2,"closed":-1,"used":1758853197153,"created":1758853197153,"remoteIdentityKey":"BUFWar161g5a3cXJZwm8DCu7s6fb9RCYgbM7fn1Vfi9/"},"_chains":{"BRfpuNlHACs+JbvlkJaprxazGFj/lVumRLstyQxicSgR":{"chainKey":{"counter":1,"key":"jyyl+sXEhkirpFxZhE++Fq10WQ2DLcNwOZm0TO4wxZc="},"chainType":2,"messageKeys":{}},"BRpT9s77ar/lFqHyT1nKENWZSSCE8BGaMmhcPlyQbb1Z":{"chainKey":{"counter":-1,"key":"vmm5z1y90yyZw/Nd6I25c09DqNPSAV4MiF7A60hSli4="},"chainType":1,"messageKeys":{}}}}},"version":"v1"}