{"_sessions":{"BWR+khsSeNHcR9El1oUz8Q0Oblp5RuHmPj+wgpdQJss/":{"registrationId":373489169,"currentRatchet":{"ephemeralKeyPair":{"pubKey":"BSqoLTzH3RoNheEHWx3mnyTQLlSIg8MDVJi8p0tc5+VY","privKey":"0LDBgRuD8TRObrK45S9a8+cwut/kEi/Kln8QClunNUk="},"lastRemoteEphemeralKey":"BYmuUr358YeGLsKFM61d96hIoH/ai9c8bQ7y3tZqeiYV","previousCounter":0,"rootKey":"bOv5YzkMjiy33qfrwC6xdcXmRwDe7dQJEvIU7Xk6Y94="},"indexInfo":{"baseKey":"BWR+khsSeNHcR9El1oUz8Q0Oblp5RuHmPj+wgpdQJss/","baseKeyType":2,"closed":-1,"used":1758852637214,"created":1758852637214,"remoteIdentityKey":"BUeVHZecYZhUp4HMlJlk6ckrYHr+OQXw9vpP1+ZzICp4"},"_chains":{"BYmuUr358YeGLsKFM61d96hIoH/ai9c8bQ7y3tZqeiYV":{"chainKey":{"counter":0,"key":"MEhsHDyFDqSZYf/nY70cZUpPmGTO3BfdpKeO6G4dnOE="},"chainType":2,"messageKeys":{}},"BSqoLTzH3RoNheEHWx3mnyTQLlSIg8MDVJi8p0tc5+VY":{"chainKey":{"counter":-1,"key":"JFNYeDB5TOlWmldbjCuLxKrkv9CVmPxwodDH20E13EA="},"chainType":1,"messageKeys":{}}}}},"version":"v1"}