{"_sessions":{"BVGIWeGSn97X3DjoN0vxIQ5U9ZP+wZrtsc2R6DHX84g/":{"registrationId":991490017,"currentRatchet":{"ephemeralKeyPair":{"pubKey":"BUXwjXnRskNNX8LC7ue5OjM6NcxQ+BBxlcPx4H1cfNQ3","privKey":"WGbKHG+lZ/SMTVdqcQ24LSR38EIYdST6DqFpzBIUKXo="},"lastRemoteEphemeralKey":"Bde0S1SGl3ePNUSs8gPymZn9y9YRYyos4z8Zh/cu5B5C","previousCounter":0,"rootKey":"DARNC94gxvZwFDiLGmbUtsYpdNZpD5QzipclBKVukjo="},"indexInfo":{"baseKey":"BVGIWeGSn97X3DjoN0vxIQ5U9ZP+wZrtsc2R6DHX84g/","baseKeyType":2,"closed":-1,"used":1758852647480,"created":1758852647480,"remoteIdentityKey":"BU/iMxA8tiKw3SwvJFeMImh5CWhLl6vrWglgMHMZyFN+"},"_chains":{"Bde0S1SGl3ePNUSs8gPymZn9y9YRYyos4z8Zh/cu5B5C":{"chainKey":{"counter":8,"key":"cfDAr8XMUIk/nV9uzyObWm4+s5jTzgFQWxSYPwiKIC8="},"chainType":2,"messageKeys":{"1":"z1hlXG1yZsL+z12bDT0pbFn4SAsmTbuFG5tAA12J4+s="}},"BUXwjXnRskNNX8LC7ue5OjM6NcxQ+BBxlcPx4H1cfNQ3":{"chainKey":{"counter":-1,"key":"lpzOhv6t2BfCbhjiJJIrC0IMxRBL1qV3nlLzrSMmuUc="},"chainType":1,"messageKeys":{}}}}},"version":"v1"}