{"_sessions":{"BZgMv14YR+LA3Q9zGm+bQT0FI8W7s/7zQjXp7rFT50FO":{"registrationId":1449485785,"currentRatchet":{"ephemeralKeyPair":{"pubKey":"BU125yQ+XHveJ7Dz+g/ChA3DHlaE+8NUukcq7l9rpC5S","privKey":"8Pgi/IpnjN2MoNEComaS2HzmcQxwpLgePN5cPUgx20g="},"lastRemoteEphemeralKey":"BXEu/tlxOcXXm27EY5p1D5yP8wspXBPe48Bd6mwVDkFh","previousCounter":0,"rootKey":"ufuZY6Ndojz+AOxTuGphiuMF1t6cu/WWrs57mfj29NQ="},"indexInfo":{"baseKey":"BZgMv14YR+LA3Q9zGm+bQT0FI8W7s/7zQjXp7rFT50FO","baseKeyType":2,"closed":-1,"used":1758852649528,"created":1758852649528,"remoteIdentityKey":"BV4QtcSZIJIRJfFGxCeRCj5CZGL76BOqH8Fddzs9tS4U"},"_chains":{"BXEu/tlxOcXXm27EY5p1D5yP8wspXBPe48Bd6mwVDkFh":{"chainKey":{"counter":1,"key":"YCN1FzRHzvsZg203+k8WWCrQUZGFNub030nd/VGhA+U="},"chainType":2,"messageKeys":{}},"BU125yQ+XHveJ7Dz+g/ChA3DHlaE+8NUukcq7l9rpC5S":{"chainKey":{"counter":-1,"key":"GR3hUHarvZ2WsdWssCHTVqOaKJfaTYyiZZb0pCVbPvE="},"chainType":1,"messageKeys":{}}}}},"version":"v1"}