{"_sessions":{"BaDkKEZOaaNaL3mo4HtzFeA2mP3L0J5kgfX0vMcIl/oC":{"registrationId":1025335100,"currentRatchet":{"ephemeralKeyPair":{"pubKey":"BQDTnos49vDtPwFFiGzHKPXM91K4wDK2RKucnG3JKMNo","privKey":"oFSZCI0mXR0mefHqUb11jvxWniw0s09BdVUTECVryE0="},"lastRemoteEphemeralKey":"BQBmck5L5wnPjWmdHSRppPlOsTqF5h8UWHXv0o94tYIq","previousCounter":0,"rootKey":"8Ivtjv86zYPDFv3TKpDqpcLZOUT8gTx2XCkRAp2s/rA="},"indexInfo":{"baseKey":"BaDkKEZOaaNaL3mo4HtzFeA2mP3L0J5kgfX0vMcIl/oC","baseKeyType":1,"closed":-1,"used":1758852637239,"created":1758852637239,"remoteIdentityKey":"BQwsrpox+umgIljweO8V9WGL+j61DZZCYM/BrmKHDElM"},"_chains":{"BQDTnos49vDtPwFFiGzHKPXM91K4wDK2RKucnG3JKMNo":{"chainKey":{"counter":0,"key":"uMSS1IaAwZDXj3qn+xA9lq3FKI+g/5cPFay4kAvWm6o="},"chainType":1,"messageKeys":{}}},"pendingPreKey":{"signedKeyId":46,"baseKey":"BaDkKEZOaaNaL3mo4HtzFeA2mP3L0J5kgfX0vMcIl/oC","preKeyId":12989}}},"version":"v1"}