{"_sessions":{"BUQqIbydmHr2rUGmaqMMOadJ/xbrQJH44Zi48MlCuP8t":{"registrationId":121537367,"currentRatchet":{"ephemeralKeyPair":{"pubKey":"BUeZjxyV9OVBc0wbSksSALE50RJW2cacRUiGSnY8U6pB","privKey":"CJt29llYJ368fdl8Eo3ljfQI9yekpcb5oJJJV1Y3rns="},"lastRemoteEphemeralKey":"Ba3gf1+na6G8kQtxuIvbWQwPl5CdGuRRbUAvDx1kS8V1","previousCounter":0,"rootKey":"++N9gNmowtVR1IKBpZxejDzHsbFmIfY4OaMKxBLD6AU="},"indexInfo":{"baseKey":"BUQqIbydmHr2rUGmaqMMOadJ/xbrQJH44Zi48MlCuP8t","baseKeyType":2,"closed":-1,"used":1758853310197,"created":1758853310197,"remoteIdentityKey":"BZscnv51wJgn9S979ayHCxhSrz/3dLJm5VI77zXirfMc"},"_chains":{"Ba3gf1+na6G8kQtxuIvbWQwPl5CdGuRRbUAvDx1kS8V1":{"chainKey":{"counter":0,"key":"QzehVqLrA9jatAeKWHyRTfcc0PxNZSRR3MJ2UOm7CMQ="},"chainType":2,"messageKeys":{}},"BUeZjxyV9OVBc0wbSksSALE50RJW2cacRUiGSnY8U6pB":{"chainKey":{"counter":-1,"key":"LlZ7ZyDAk0okmyJX8IH9xm2WWry1Ph1E6yLvHUAn8Dg="},"chainType":1,"messageKeys":{}}}}},"version":"v1"}