{"_sessions":{"BU87Mo6gqdYDWqgnrl06dAkGYoEkPjWeYu7765UqkDJv":{"registrationId":1182964656,"currentRatchet":{"ephemeralKeyPair":{"pubKey":"BbLCEpA/fsmfkw/hq7KaJ5hkxggtjbp3iLsDo1f9HyxG","privKey":"CGOQW/Rwhnd5uAlxBMgeuDAl+pb6QM0u+Yyc1HTLnXI="},"lastRemoteEphemeralKey":"Be2F1dzi/cT/nMXz9lOxqVx3CQqZZS0QgIr9bNIPQ+B5","previousCounter":0,"rootKey":"zHynwfMb3umAJQupPINhBZ2yzJQom6RcAbSIDFYqPas="},"indexInfo":{"baseKey":"BU87Mo6gqdYDWqgnrl06dAkGYoEkPjWeYu7765UqkDJv","baseKeyType":2,"closed":-1,"used":1758853087579,"created":1758853087579,"remoteIdentityKey":"BUlYku3Wx+B8CA6qEMPzx9Ls47phWRhzd9bGMmOuN7Nr"},"_chains":{"Be2F1dzi/cT/nMXz9lOxqVx3CQqZZS0QgIr9bNIPQ+B5":{"chainKey":{"counter":0,"key":"eBevOD8j28vyonoSDuAo5q7MfQGbIWVVL2wO4MhOtv4="},"chainType":2,"messageKeys":{}},"BbLCEpA/fsmfkw/hq7KaJ5hkxggtjbp3iLsDo1f9HyxG":{"chainKey":{"counter":-1,"key":"gvAwVAtOxYB3JTFYFCbGHW7+1YYy1ip3wgH05y4fACk="},"chainType":1,"messageKeys":{}}}}},"version":"v1"}