{"_sessions":{"BU8o+auW9lR8EOr+2e2OnRcqcOTCSMASBI9rAkRBUwJZ":{"registrationId":1210871691,"currentRatchet":{"ephemeralKeyPair":{"pubKey":"BbTU8hL4zog34oKvnNkfhOYhavHWlJNRwCsr5NZwo75S","privKey":"IDxYG6Fxruieq89nW8WcM4yGaF21Gd/OCwSlje6nN3Q="},"lastRemoteEphemeralKey":"BbB6WpTIZwsDKoWR3813BYBhrqCYgB3rOWZhd4DoULcQ","previousCounter":0,"rootKey":"C/aHEEJdRQ1TWKtif3/s2IPZUwRxWZiqkI8s60Fu2/8="},"indexInfo":{"baseKey":"BU8o+auW9lR8EOr+2e2OnRcqcOTCSMASBI9rAkRBUwJZ","baseKeyType":2,"closed":-1,"used":1758853123387,"created":1758853123387,"remoteIdentityKey":"BbnbIcNPMsxrOsQD35zNya9onVI2dwQvciejsE80NuFK"},"_chains":{"BbB6WpTIZwsDKoWR3813BYBhrqCYgB3rOWZhd4DoULcQ":{"chainKey":{"counter":0,"key":"oE5OReu79h7rMx5xZ2NUK4Ob3JnCZCflJZX/f8BzjA8="},"chainType":2,"messageKeys":{}},"BbTU8hL4zog34oKvnNkfhOYhavHWlJNRwCsr5NZwo75S":{"chainKey":{"counter":-1,"key":"u2yZ+QFQgtHRuIOlMGiEla5zDQfswSysyObmmXmPL74="},"chainType":1,"messageKeys":{}}}}},"version":"v1"}