{"_sessions":{"BSqB5XbR6h+7TSvVHKiq08QizZNqzrThTt1A3St2Qv8z":{"registrationId":635001262,"currentRatchet":{"ephemeralKeyPair":{"pubKey":"BWogSGB5RlQld7nOtAQNlClBuh7Uc6o4gHZSXXQWcXkg","privKey":"iJPH3wzmIgjkVHWFxmVm3mi3m4r6rc35ZYXz0rwOUFM="},"lastRemoteEphemeralKey":"BacLgCCuiuM/pWFBSMcpZYqU8GOHpXgbHq07BVr7ezYI","previousCounter":0,"rootKey":"PHj82m7ag6wTgcnoTULJx6EYC0t2oJutLFRHcRFGDp0="},"indexInfo":{"baseKey":"BSqB5XbR6h+7TSvVHKiq08QizZNqzrThTt1A3St2Qv8z","baseKeyType":2,"closed":-1,"used":1758853325984,"created":1758853325984,"remoteIdentityKey":"BRX4f/z6D9QCnu0fjC5ZhXpY/2/guYirGGOGwLSVTRYV"},"_chains":{"BacLgCCuiuM/pWFBSMcpZYqU8GOHpXgbHq07BVr7ezYI":{"chainKey":{"counter":0,"key":"ToFNsMJ9S+cVu6Smg5rnPNcOSLBVJMMErEi/2fnhg50="},"chainType":2,"messageKeys":{}},"BWogSGB5RlQld7nOtAQNlClBuh7Uc6o4gHZSXXQWcXkg":{"chainKey":{"counter":-1,"key":"agDBGQhD4X7QJcBilvaZU/6iYOJHv7OBg+epPBGQU4U="},"chainType":1,"messageKeys":{}}}}},"version":"v1"}