{"_sessions":{"BcCdYCk3yxU9MVSQIKZfhN3cbw5mi3vRRW7uaRxm/acx":{"registrationId":2071006335,"currentRatchet":{"ephemeralKeyPair":{"pubKey":"BWiWkf76xmZGy+NlgqMVRf1JU5d5/bFYyDPSLcuUzCAt","privKey":"qGPcWXURz4tZx45cCtVSOtUnsmwt6y+lRcL+UuwMNWQ="},"lastRemoteEphemeralKey":"BXsVishG1YuslY+f5VOwJWiaUBVbyPqIrZuCAguc4pU+","previousCounter":0,"rootKey":"xZx04PD2qiOgqcMf+ntiYbf2UOm7uabnecUjZ1GM65Q="},"indexInfo":{"baseKey":"BcCdYCk3yxU9MVSQIKZfhN3cbw5mi3vRRW7uaRxm/acx","baseKeyType":2,"closed":-1,"used":1758853087382,"created":1758853087382,"remoteIdentityKey":"BS1G73vfiG1OZ/vfFggn1JowmKQXn3E/+qgrfm72t0gr"},"_chains":{"BXsVishG1YuslY+f5VOwJWiaUBVbyPqIrZuCAguc4pU+":{"chainKey":{"counter":0,"key":"TbSa3X/pqSObBmqFf+xvbG+qRbZnxWiizsi+f21rZZw="},"chainType":2,"messageKeys":{}},"BWiWkf76xmZGy+NlgqMVRf1JU5d5/bFYyDPSLcuUzCAt":{"chainKey":{"counter":-1,"key":"TowcS9Qngj3PwtbklRg9Q3SA/yry5y0JnayYSpNAUWs="},"chainType":1,"messageKeys":{}}}}},"version":"v1"}