{"_sessions":{"BSYlT2nfR2x0SCw9467g0zy6u8Il6z+DWVs8v63BxAdc":{"registrationId":1653058770,"currentRatchet":{"ephemeralKeyPair":{"pubKey":"BaCbFoX2xahhg4oxieLuU0b1Ws5Vdok3E7OnDbiifyxc","privKey":"0ExQuGK/e2Efn737Ma9SaDkDCKp8L3tZ3oZRKuDonmc="},"lastRemoteEphemeralKey":"BWZcEzelJNfjMdjPYrU747Ea5vtMFmlttPPJFAX2nqg8","previousCounter":0,"rootKey":"oqrX8FoGAnhBcfbfiPDFT124RmY0HSOEuG06Obzh3i8="},"indexInfo":{"baseKey":"BSYlT2nfR2x0SCw9467g0zy6u8Il6z+DWVs8v63BxAdc","baseKeyType":2,"closed":-1,"used":1758853222181,"created":1758853222181,"remoteIdentityKey":"BbPRIQHskeCffhm76ZjQQfkDSN6iQr+DWTX/4jDQF7cl"},"_chains":{"BWZcEzelJNfjMdjPYrU747Ea5vtMFmlttPPJFAX2nqg8":{"chainKey":{"counter":0,"key":"7aO7VOUAn+ZzpJA9KVQgKR5H92rIA3XM5WPWdWywhk8="},"chainType":2,"messageKeys":{}},"BaCbFoX2xahhg4oxieLuU0b1Ws5Vdok3E7OnDbiifyxc":{"chainKey":{"counter":-1,"key":"kyYfNd/+KNcymCcObmWOKpmNEqe+D86lKm6In82QvwE="},"chainType":1,"messageKeys":{}}}}},"version":"v1"}