{"_sessions":{"BWdoj7Y1HAgj9q68zrLhT48YG/uzJoXZ43XWU7PwGdVV":{"registrationId":122,"currentRatchet":{"ephemeralKeyPair":{"pubKey":"BX/DAdN9D5E7oy0wVZRDJTO8fcDB8Hs1Gdkc9AFuSlBS","privKey":"sEbA4jbGHNYKb7JKnpT578fcf/z+Up577on/cDYh7F8="},"lastRemoteEphemeralKey":"BdF5Z+CR0z2zINyurXjJoBfhA3rt2PkMIfnMD9GbfuQn","previousCounter":0,"rootKey":"sdEz2OrqiNHTPiLV51AHTzpvVDptIOYE8zQba8ky2CA="},"indexInfo":{"baseKey":"BWdoj7Y1HAgj9q68zrLhT48YG/uzJoXZ43XWU7PwGdVV","baseKeyType":1,"closed":-1,"used":1758852637242,"created":1758852637242,"remoteIdentityKey":"BepuP3BzBgFQiCnezDcHvV6+x3fe80GnX10/v1u/+Tke"},"_chains":{"BX/DAdN9D5E7oy0wVZRDJTO8fcDB8Hs1Gdkc9AFuSlBS":{"chainKey":{"counter":0,"key":"MTbBsOIaEQV/iOdedES+qUs2dRHkLPEChP34UEU0Bn8="},"chainType":1,"messageKeys":{}}},"pendingPreKey":{"signedKeyId":1,"baseKey":"BWdoj7Y1HAgj9q68zrLhT48YG/uzJoXZ43XWU7PwGdVV"}}},"version":"v1"}