{"_sessions":{"BeMTWYurjnyQszjNbs/8yuiLAw3IZsVb/uVLhlDGkO0t":{"registrationId":2016535083,"currentRatchet":{"ephemeralKeyPair":{"pubKey":"BezhMl0JDF7VC8+rEsT8lprzaA5HVZTy2i+YbRzBsedK","privKey":"8Fi5YPXefnc3nyJSM08rIxJPAnIMvXYxR2FDAdCSIUs="},"lastRemoteEphemeralKey":"BeE+TMPGNzmXJ9uBIglFcPkz1Xt7LQMExtzKd/D4Wggr","previousCounter":0,"rootKey":"PxGj1/MdNh3zKNlGXHiqfSIQiwQ4fsxsJabP/d9nVvk="},"indexInfo":{"baseKey":"BeMTWYurjnyQszjNbs/8yuiLAw3IZsVb/uVLhlDGkO0t","baseKeyType":2,"closed":-1,"used":1758853347066,"created":1758853347066,"remoteIdentityKey":"BZ4aLD91Zbb61Ojlct14Yz559FMwKq0pQEEe2Lmqyu1v"},"_chains":{"BeE+TMPGNzmXJ9uBIglFcPkz1Xt7LQMExtzKd/D4Wggr":{"chainKey":{"counter":0,"key":"uzLkDOkmHFliHhiKfX+50mdgyM+5FqMEjrTdhPoGtZ4="},"chainType":2,"messageKeys":{}},"BezhMl0JDF7VC8+rEsT8lprzaA5HVZTy2i+YbRzBsedK":{"chainKey":{"counter":-1,"key":"wKrvYagtRF4NV7SDTR9qSB2I8nebHGku8/rYVJSQKcM="},"chainType":1,"messageKeys":{}}}}},"version":"v1"}