{"_sessions":{"BRCzstd3cd8J6hwQeBdNTVYFJTieC5LpV/VfW0GFetcB":{"registrationId":810288381,"currentRatchet":{"ephemeralKeyPair":{"pubKey":"BWQoYabAoTSFsgc6Sk1K1NDK+tLB9djTSIgS1O6z37cU","privKey":"oMYyst78ejMNTo5uVK3h7q/eMQNSqrQjFuHSrCBOo0g="},"lastRemoteEphemeralKey":"Bbxs1s1lOPm186+8FAiXC3wl0gGQr0urx/VrNUFerugR","previousCounter":0,"rootKey":"DUr9w/JTLiiIwnnAzo6tZrI1jFCNY4yT/egYDBCfMt8="},"indexInfo":{"baseKey":"BRCzstd3cd8J6hwQeBdNTVYFJTieC5LpV/VfW0GFetcB","baseKeyType":2,"closed":-1,"used":1758853087722,"created":1758853087722,"remoteIdentityKey":"BaVXM67eW7zPurTUCQ4VaKLcMIj/DMy9UilyQF/ptQkp"},"_chains":{"Bbxs1s1lOPm186+8FAiXC3wl0gGQr0urx/VrNUFerugR":{"chainKey":{"counter":1,"key":"6XV6uXxDYcDbeDas4LAc8ZaKOGbxsZWTd+UNKX9XTKg="},"chainType":2,"messageKeys":{}},"BWQoYabAoTSFsgc6Sk1K1NDK+tLB9djTSIgS1O6z37cU":{"chainKey":{"counter":-1,"key":"KpR4tnA53uctglGNRPm84bHhtHTLqKsbqW8m5x5nBvQ="},"chainType":1,"messageKeys":{}}}}},"version":"v1"}