{"_sessions":{"BbpW+LvbDcDJv0kFi9U9EBR3lPvIcyhGinzkmONFFt0V":{"registrationId":697743459,"currentRatchet":{"ephemeralKeyPair":{"pubKey":"BQABGc1zEofZA7J47YaSBeoQDiXNwIsylih44X+PCf0F","privKey":"WJBr6jnN5a71zsTXpjeCzwx5SlSnVP6EfaVsuWLM+H4="},"lastRemoteEphemeralKey":"BaFbSGCGQu4hy9ROY/QbdhIMjMjv67aSs27+bOy6kBlH","previousCounter":0,"rootKey":"7Y+p1xUu6B+7TPAvs56PeFfKbqvxZVhJKUfwImyh1H8="},"indexInfo":{"baseKey":"BbpW+LvbDcDJv0kFi9U9EBR3lPvIcyhGinzkmONFFt0V","baseKeyType":2,"closed":-1,"used":1758853096722,"created":1758853096722,"remoteIdentityKey":"BTO1kTyopRutkNQyrvkF4ZiASFC4Pitm1CZv7D4pv6Jb"},"_chains":{"BaFbSGCGQu4hy9ROY/QbdhIMjMjv67aSs27+bOy6kBlH":{"chainKey":{"counter":0,"key":"5S+IrzoubbTRRLQmDeUf6eevzAEW0dFMLEhN2IwyZ3k="},"chainType":2,"messageKeys":{}},"BQABGc1zEofZA7J47YaSBeoQDiXNwIsylih44X+PCf0F":{"chainKey":{"counter":-1,"key":"kPGOIDYstrWZJ9aY6K5wMRBjezuuxwMJAzsmwrHc6pk="},"chainType":1,"messageKeys":{}}}}},"version":"v1"}