{"_sessions":{"BRPLfmX9pyomxyLOCBn/kmixKqFcDdHY1OwlmQEkAKcW":{"registrationId":1863716399,"currentRatchet":{"ephemeralKeyPair":{"pubKey":"BQiQwuS9832FTFZ12eezt4/tiuT7htVrbXcv7GS25SAa","privKey":"iNWtcGsV5eQMgmTkRCGrf6o2Z5RaYhQa57BhPRIkdWk="},"lastRemoteEphemeralKey":"BVXijrrgGrDFuEnjlpZfzo9N1WL3aJYLbFyXmXryeKIP","previousCounter":0,"rootKey":"ZBgxtqTSsgZkFLShYeK3pBTC4DN8c+zPvuP5boC0NdE="},"indexInfo":{"baseKey":"BRPLfmX9pyomxyLOCBn/kmixKqFcDdHY1OwlmQEkAKcW","baseKeyType":2,"closed":-1,"used":1758852629622,"created":1758852629622,"remoteIdentityKey":"BVZ1uGFiFRQmfuWruyIXfim/oxVn0iXiTKRSV0Y+sW1b"},"_chains":{"BVXijrrgGrDFuEnjlpZfzo9N1WL3aJYLbFyXmXryeKIP":{"chainKey":{"counter":3,"key":"7NQoHP0hj5U++h+O/g57VPuUcI9F+UvYZIe8QzH8Vww="},"chainType":2,"messageKeys":{}},"BQiQwuS9832FTFZ12eezt4/tiuT7htVrbXcv7GS25SAa":{"chainKey":{"counter":-1,"key":"ENhTtQOITotTBrALz0SZUzBqU9xB1Ucs7qisywbWdnM="},"chainType":1,"messageKeys":{}}}}},"version":"v1"}