{"_sessions":{"BYYfqxBkGUbgmqZ+XhrHNzBck7P3wlVzR4dge0hjGOxI":{"registrationId":1749751472,"currentRatchet":{"ephemeralKeyPair":{"pubKey":"BZCl/C97+XSMO1O9BAhvUTV6bQL+bBwUhJzmruc6Y7Qt","privKey":"iN1Kr8MGqF7zaqNtHo4Oi8xirsDeAVr2ftScp0nbB10="},"lastRemoteEphemeralKey":"BSBj2cBpdU2N0rsYOckxQ/LdSt3qDoSUhhvrvt6B4vBi","previousCounter":0,"rootKey":"Q4s1lMeZcZqGxx8GY5exeoOTRp1wanAMlfTEC6v/pxc="},"indexInfo":{"baseKey":"BYYfqxBkGUbgmqZ+XhrHNzBck7P3wlVzR4dge0hjGOxI","baseKeyType":2,"closed":-1,"used":1758853093555,"created":1758853093555,"remoteIdentityKey":"BSifxXrTdGPslBK1fecYVM8DAmRDUlKRhzkAg1lVAiU9"},"_chains":{"BSBj2cBpdU2N0rsYOckxQ/LdSt3qDoSUhhvrvt6B4vBi":{"chainKey":{"counter":0,"key":"ogc/JiH2TZdC1AJorecxtZyVVKG8LnsVE7FZ9JUj7AM="},"chainType":2,"messageKeys":{}},"BZCl/C97+XSMO1O9BAhvUTV6bQL+bBwUhJzmruc6Y7Qt":{"chainKey":{"counter":-1,"key":"b7ravEVWNiDPP9gwI4jDbs0rySSzpo6S8R/Up3106vU="},"chainType":1,"messageKeys":{}}}}},"version":"v1"}