{"_sessions":{"BWLbpFWLJedQ6KDDUb60u60nBBUrz/hIGhPor/tfSflw":{"registrationId":1025335100,"currentRatchet":{"ephemeralKeyPair":{"pubKey":"BRgRBcHsI8/SK2FWXjh+iBP+Qcs4DyLHJ3UkILXzUftZ","privKey":"aAf2duriYt+vgdo7a+EABuYsLTdNazLxzT8jaDylz3U="},"lastRemoteEphemeralKey":"BZ1eU+KPsadS+9slbtez205L5Qvq5+4RM7IaF1zr/CFX","previousCounter":0,"rootKey":"BLHRP1vo/zqEZxT8egzV+bqa/x+Xs4sv2OnqcTCRaMc="},"indexInfo":{"baseKey":"BWLbpFWLJedQ6KDDUb60u60nBBUrz/hIGhPor/tfSflw","baseKeyType":1,"closed":-1,"used":1758853252029,"created":1757558549741,"remoteIdentityKey":"BQwsrpox+umgIljweO8V9WGL+j61DZZCYM/BrmKHDElM"},"_chains":{"BZ1eU+KPsadS+9slbtez205L5Qvq5+4RM7IaF1zr/CFX":{"chainKey":{"counter":24,"key":"7kCFjh+y/EklRAU80yDgl8b9AgtjLwT8QLMfa90So5w="},"chainType":2,"messageKeys":{}},"BRgRBcHsI8/SK2FWXjh+iBP+Qcs4DyLHJ3UkILXzUftZ":{"chainKey":{"counter":-1,"key":"thlSm1svvVKQOWV/EnMbFdmuO2UBPXRMFm0m+x1qRGI="},"chainType":1,"messageKeys":{}}}}},"version":"v1"}