{"_sessions":{"BY+JMGap38Fkpk8sPRm0bGOns7G310++MV6yGsa3PvMl":{"registrationId":781415389,"currentRatchet":{"ephemeralKeyPair":{"pubKey":"BW+3H4w3dg8hE5Yc3fOzXnuTKoWiyTHYPehvGjn2SJQG","privKey":"GMyCS92mkLMgXupMV+yyA87hvuKuUhr0CTb/JOUwsWo="},"lastRemoteEphemeralKey":"BTutF9RrP+j8aPTcM7W3c3lqdfYdouQtDwCtAvQyHEoe","previousCounter":0,"rootKey":"e51NJsDVdb1HvsTSq+sMEzca5kpYnAAMjB5ePMzFQes="},"indexInfo":{"baseKey":"BY+JMGap38Fkpk8sPRm0bGOns7G310++MV6yGsa3PvMl","baseKeyType":2,"closed":-1,"used":1758853246397,"created":1758853246397,"remoteIdentityKey":"Ba3xXb+H4xWySAkOWUmBJC7zurtkW3J1jczq5K3r/YgH"},"_chains":{"BTutF9RrP+j8aPTcM7W3c3lqdfYdouQtDwCtAvQyHEoe":{"chainKey":{"counter":0,"key":"3d2rgZQwuqPDhmXyLaEyAP93e1l1hnmA2hDCcoeZEFo="},"chainType":2,"messageKeys":{}},"BW+3H4w3dg8hE5Yc3fOzXnuTKoWiyTHYPehvGjn2SJQG":{"chainKey":{"counter":-1,"key":"HqBua+F2G1v1ypGUn5GTsmT6OsCBzOTpW1ViDP00ji8="},"chainType":1,"messageKeys":{}}}}},"version":"v1"}